id	gene	deg_out	deg_in	deg_total	is_driver	is_crit_source
1	AA06	21	0	21	1	0
2	AADAC	1	0	1	1	0
3	ACSM2B	3	0	3	1	1
4	ACTBL2	1	0	1	1	1
5	ACTL9	4	0	4	1	0
6	ACTN1-AS1	3	0	3	1	1
7	ACTRT2	1	0	1	1	1
8	AFP	1	0	1	1	1
9	AGXT2	2	0	2	1	1
10	ALPPL2	20	1	21	0	0
11	AMELX	3	0	3	1	1
12	AMN	1	0	1	1	1
13	AMTN	8	0	8	1	0
14	AMY1C	16	0	16	1	0
15	APOA5	1	0	1	1	0
16	APOBEC1	3	0	3	1	1
17	APOC4-APOC2	1	0	1	1	1
18	ARL14	1	0	1	1	1
19	ASCL4	3	0	3	1	1
20	ASGR2	4	0	4	1	0
21	ATP6V0CP3	2	1	3	0	1
22	AWAT1	1	0	1	1	1
23	B4GALNT2	1	0	1	1	1
24	BANF2	1	0	1	1	1
25	BARX1	3	0	3	1	0
26	BATF	2	0	2	1	1
27	BDKRB1	1	0	1	1	1
28	BHLHA9	2	0	2	1	1
29	BMP15	2	0	2	1	0
30	BOD1L2	2	0	2	1	1
31	BPESC1	1	0	1	1	1
32	BPIFA2	1	0	1	1	1
33	BPIFA3	6	0	6	1	0
34	BPIFA4P	7	0	7	1	0
35	BPY2	2	0	2	1	1
36	BPY2B	1	1	2	0	1
37	BPY2C	0	2	2	0	0
38	BSND	2	0	2	1	1
39	BSPH1	5	0	5	1	1
40	BTLA	2	0	2	1	1
41	BTNL3	3	0	3	1	0
42	C10orf120	9	0	9	1	0
43	C10orf91	19	2	21	0	0
44	C11orf21	1	0	1	1	1
45	C16orf78	2	0	2	1	1
46	C17orf82	1	0	1	1	1
47	C19orf33	2	0	2	1	0
48	C19orf59	3	0	3	1	1
49	C1orf127	1	0	1	1	1
50	C1orf200	2	0	2	1	1
51	C1orf64	1	0	1	1	1
52	C1orf68	1	1	2	0	1
53	C20orf85	5	0	5	1	0
54	C2CD4B	1	0	1	1	1
55	C2orf53	2	0	2	1	1
56	C5orf58	3	1	4	0	1
57	C6orf222	8	0	8	1	0
58	C7orf34	1	0	1	1	1
59	C8orf87	1	0	1	1	1
60	C9orf53	3	0	3	1	0
61	C9orf92	3	0	3	1	0
62	CABP2	1	0	1	1	1
63	CAMP	4	0	4	1	0
64	CAPN11	2	0	2	1	0
65	CARD17	1	0	1	1	0
66	CARTPT	1	0	1	1	0
67	CASP12	1	0	1	1	1
68	CBLC	1	0	1	1	1
69	CCDC155	3	0	3	1	0
70	CCDC54	1	0	1	1	1
71	CCL15	7	0	7	1	0
72	CCL18	2	0	2	1	1
73	CCL19	2	0	2	1	0
74	CCL20	1	0	1	1	1
75	CCL21	1	0	1	1	1
76	CCL8	2	0	2	1	1
77	CD177	1	0	1	1	1
78	CD200R1L	2	0	2	1	0
79	CD300C	18	3	21	0	0
80	CD300LF	2	0	2	1	1
81	CDA	3	1	4	0	1
82	CDRT15P2	7	1	8	0	0
83	CDRT7	2	0	2	1	0
84	CDX1	13	4	17	1	0
85	CEBPE	1	0	1	1	1
86	CELA3B	2	0	2	1	1
87	CETN1	1	0	1	1	1
88	CGB8	1	0	1	1	1
89	CIDEA	2	0	2	1	1
90	CLC	9	2	11	0	0
91	CLDN14	1	0	1	1	1
92	CLEC4F	5	1	6	1	0
93	CLEC4M	4	1	5	0	1
94	CLEC6A	2	0	2	1	1
95	CLEC9A	3	0	3	1	0
96	CLRN1-AS1	1	0	1	1	1
97	CMA1	3	1	4	0	1
98	CNR2	2	0	2	1	1
99	COL18A1-AS2	3	0	3	1	0
100	COLEC10	1	0	1	1	0
101	CPA6	2	0	2	1	0
102	CPSF4L	6	1	7	0	0
103	CREB3L3	2	0	2	1	1
104	CRLF2	1	0	1	1	1
105	CRYGB	1	0	1	1	0
106	CSAG1	2	0	2	1	1
107	CSAG4	1	0	1	1	1
108	CSH1	3	0	3	1	1
109	CSH2	11	0	11	1	0
110	CSHL1	1	0	1	1	1
111	CSN1S2BP	1	0	1	1	1
112	CSN2	1	0	1	1	1
113	CST5	1	0	1	1	1
114	CTLA4	1	0	1	1	0
115	CXCR3	2	0	2	1	0
116	CXXC1P1	2	1	3	1	0
117	CYP4B1	4	0	4	1	0
118	CYP4F8	4	0	4	1	0
119	DCAF8L1	1	0	1	1	1
120	DCD	2	0	2	1	1
121	DEFA1	2	0	2	1	1
122	DEFA1B	1	1	2	0	1
123	DEFA4	0	1	1	0	0
124	DEFB104A	1	0	1	1	1
125	DEFB104B	0	1	1	0	0
126	DEFB107A	2	0	2	1	1
127	DEFB107B	1	1	2	0	0
128	DEFB110	9	0	9	1	0
129	DEFB118	4	1	5	0	0
130	DEFB121	2	0	2	1	0
131	DEFB125	1	0	1	1	0
132	DEFB128	8	3	11	0	0
133	DEFB129	1	1	2	1	0
134	DEFB135	2	1	3	0	1
135	DEFB4A	5	1	6	0	0
136	DHRS7C	1	0	1	1	0
137	DIAPH3-AS1	1	0	1	1	1
138	DLX2	2	0	2	1	1
139	DLX5	2	0	2	1	1
140	DNAJB8	13	4	17	0	0
141	DNAJB8-AS1	0	1	1	0	0
142	DNMT3L	3	0	3	1	1
143	DRGX	1	0	1	1	1
144	DSCR4	1	1	2	1	0
145	DUSP21	3	0	3	1	1
146	DUX4L2	3	0	3	1	1
147	DUX4L3	2	1	3	0	1
148	DUX4L5	1	2	3	0	1
149	DUX4L6	0	3	3	0	0
150	EDDM3B	2	0	2	1	1
151	ELANE	1	0	1	1	1
152	EMCN-IT3	4	1	5	1	1
153	EMR3	3	0	3	1	1
154	EXOC3L4	2	2	4	0	1
155	FABP9	2	0	2	1	1
156	FAM153A	2	1	3	0	1
157	FAM153B	1	0	1	1	0
158	FAM170B	1	0	1	1	1
159	FAM187B	3	0	3	1	1
160	FAM197Y2	2	0	2	1	1
161	FAM197Y5	1	1	2	0	1
162	FAM26D	1	1	2	1	1
163	FAM3D	1	0	1	1	1
164	FAM41AY1	1	0	1	1	1
165	FAM41AY2	0	1	1	0	0
166	FAM47B	2	0	2	1	0
167	FAM83F	2	0	2	1	0
168	FAM99B	1	1	2	0	1
169	FAM9B	1	1	2	0	1
170	FATE1	1	0	1	1	1
171	FCN2	1	0	1	1	1
172	FDCSP	2	1	3	0	1
173	FEZF1	6	3	9	0	1
174	FEZF1-AS1	3	1	4	0	0
175	FGA	1	0	1	1	1
176	FGF22	1	1	2	0	1
177	FGF4	1	0	1	1	1
178	FGF6	7	1	8	1	0
179	FLI1-AS1	4	0	4	1	1
180	FLJ41350	12	1	13	0	1
181	FMO9P	1	0	1	1	1
182	FOLR4	2	0	2	1	1
183	FOXI3	6	2	8	0	0
184	FOXN1	2	0	2	1	0
185	FTMT	0	1	1	0	0
186	GAGE2C	6	2	8	0	0
187	GAGE7	2	2	4	0	0
188	GCNT3	3	0	3	1	1
189	GDF3	4	0	4	1	0
190	GH1	1	0	1	1	1
191	GH2	0	1	1	0	0
192	GIMD1	7	2	9	0	0
193	GIP	1	0	1	1	1
194	GJA10	2	0	2	1	1
195	GKN1	3	0	3	1	1
196	GKN2	3	2	5	0	1
197	GNGT1	7	1	8	1	0
198	GNGT2	7	1	8	1	0
199	GOT1L1	1	0	1	1	1
200	GP9	1	0	1	1	1
201	GPHB5	1	0	1	1	1
202	GPR101	4	0	4	1	1
203	GPR141	1	0	1	1	1
204	GPR33	3	1	4	0	1
205	GPR50	2	1	3	0	1
206	GPRC5D	2	0	2	1	1
207	GRP	1	0	1	1	1
208	GSTA3	3	0	3	1	0
209	GSTA5	2	1	3	0	1
210	GTSF1L	1	0	1	1	1
211	GUCA2A	5	1	6	0	0
212	GZMK	1	0	1	1	1
213	H2AFB1	2	0	2	1	1
214	H2AFB2	1	0	1	1	1
215	H2AFB3	1	1	2	0	1
216	HAND1	1	0	1	1	1
217	HAND2	1	0	1	1	1
218	HAO1	1	0	1	1	0
219	HBA1	1	0	1	1	1
220	HBA2	0	1	1	0	0
221	HBBP1	2	0	2	1	1
222	HBD	0	1	1	1	0
223	HBM	1	0	1	1	1
224	HES3	3	0	3	1	1
225	HHEX	4	2	6	0	1
226	HLA-DQA2	15	6	21	0	0
227	HNF1B	6	0	6	1	1
228	HNF4A	10	5	15	0	0
229	HOXA10-HOXA9	1	0	1	1	0
230	HOXB-AS3	1	0	1	1	1
231	HOXB-AS5	6	3	9	0	0
232	HOXB13	1	0	1	1	1
233	HOXB7	0	1	1	0	0
234	HOXB8	1	1	2	0	1
235	HOXC13	2	0	2	1	1
236	HOXC6	1	1	2	0	1
237	HS3ST4	1	0	1	1	1
238	HS3ST6	3	0	3	1	0
239	HSD17B2	1	0	1	1	1
240	HSFY1P1	1	1	2	0	1
241	HTN3	1	0	1	1	1
242	HTR1B	1	1	2	0	1
243	HTR3D	1	1	2	1	0
244	IBSP	3	0	3	1	0
245	IFNA14	0	1	1	0	0
246	IFNA21	1	0	1	1	0
247	IFNA22P	1	0	1	1	1
248	IFNA7	1	0	1	1	0
249	IFNB1	1	0	1	1	1
250	IGSF23	1	0	1	1	1
251	IL17F	1	0	1	1	0
252	IL1F10	1	0	1	1	0
253	IL21	0	1	1	1	0
254	IL22	1	0	1	1	1
255	IL22RA1	0	2	2	0	0
256	IL3	1	0	1	1	1
257	IL36G	1	2	3	0	0
258	ITLN2	1	0	1	1	0
259	KCNAB1-AS2	1	1	2	0	1
260	KCNMB2-IT1	1	0	1	1	1
261	KIF2B	1	1	2	0	1
262	KIR3DL2	0	1	1	0	0
263	KLK11	2	0	2	1	0
264	KLK12	1	1	2	0	1
265	KLK8	2	0	2	1	1
266	KLK9	1	1	2	0	1
267	KLKP1	1	0	1	1	0
268	KNCN	1	0	1	1	1
269	KRT16P1	2	2	4	0	1
270	KRT16P3	3	3	6	0	0
271	KRT25	2	0	2	1	0
272	KRT28	1	0	1	1	0
273	KRT32	1	1	2	0	1
274	KRT36	0	2	2	0	0
275	KRT39	1	0	1	1	1
276	KRT40	1	0	1	1	1
277	KRT71	1	0	1	1	1
278	KRT74	0	1	1	0	0
279	KRT78	2	1	3	1	0
280	KRT79	1	1	2	0	1
281	KRT83	0	1	1	0	0
282	KRT85	13	8	21	0	0
283	KRT9	2	1	3	0	1
284	KRTAP1-4	1	1	2	0	1
285	KRTAP10-10	1	0	1	1	1
286	KRTAP10-3	1	0	1	1	1
287	KRTAP10-4	2	1	3	0	1
288	KRTAP10-5	2	1	3	0	1
289	KRTAP10-6	1	1	2	1	0
290	KRTAP10-7	1	2	3	0	1
291	KRTAP11-1	5	1	6	0	1
292	KRTAP12-1	1	2	3	0	1
293	KRTAP12-2	0	3	3	0	0
294	KRTAP19-1	1	0	1	1	0
295	KRTAP19-4	6	2	8	0	1
296	KRTAP19-8	3	0	3	1	0
297	KRTAP2-2	2	2	4	0	1
298	KRTAP21-2	3	0	3	1	1
299	KRTAP27-1	1	0	1	1	0
300	KRTAP29-1	4	0	4	1	0
301	KRTAP3-1	14	7	21	0	0
302	KRTAP3-3	0	2	2	0	0
303	KRTAP4-11	2	1	3	0	1
304	KRTAP4-2	1	0	1	1	1
305	KRTAP4-4	9	2	11	0	0
306	KRTAP4-5	1	0	1	1	1
307	KRTAP4-6	0	1	1	0	0
308	KRTAP4-7	2	1	3	0	0
309	KRTAP4-8	1	2	3	0	1
310	KRTAP5-3	1	0	1	1	1
311	KRTAP6-3	3	1	4	0	0
312	KRTAP8-1	1	0	1	1	1
313	KRTAP9-1	8	7	15	0	0
314	KRTAP9-9	2	0	2	1	1
315	LACRT	0	2	2	0	0
316	LCE1F	2	1	3	0	1
317	LCE2C	0	1	1	0	0
318	LCE2D	1	2	3	1	0
319	LCE3C	3	1	4	0	0
320	LCE3D	0	1	1	1	0
321	LCN1	2	0	2	1	1
322	LCN8	0	1	1	0	0
323	LCN9	1	0	1	1	1
324	LILRB5	1	1	2	0	1
325	LINC00029	1	1	2	0	1
326	LINC00111	1	1	2	0	1
327	LINC00112	5	6	11	0	1
328	LINC00162	1	0	1	1	1
329	LINC00207	1	6	7	0	0
330	LINC00208	1	1	2	0	1
331	LINC00229	0	1	1	0	0
332	LINC00239	0	1	1	0	0
333	LINC00254	1	0	1	1	1
334	LINC00332	11	10	21	0	0
335	LINC00347	3	0	3	1	0
336	LINC00359	4	2	6	0	0
337	LINC00424	1	3	4	0	1
338	LINC00442	1	0	1	1	1
339	LINC00474	1	0	1	1	0
340	LINC00489	0	1	1	1	0
341	LINC00499	1	0	1	1	1
342	LINC00563	2	2	4	0	1
343	LINC00619	1	0	1	1	1
344	LINC00651	1	5	6	0	1
345	LINC00659	1	0	1	1	1
346	LIPM	5	2	7	0	0
347	LMX1A	1	0	1	1	1
348	LOC100093698	0	1	1	0	0
349	LOC100130480	1	1	2	0	1
350	LOC100131047	8	0	8	1	1
351	LOC100286922	1	2	3	0	0
352	LOC100287534	7	4	11	0	0
353	LOC100287704	1	3	4	0	1
354	LOC100287834	0	3	3	0	0
355	LOC100505622	1	1	2	0	0
356	LOC100507003	0	1	1	1	0
357	LOC100507205	2	0	2	1	0
358	LOC100507334	1	1	2	0	1
359	LOC100507362	2	1	3	0	0
360	LOC100507632	0	1	1	0	0
361	LOC149950	0	1	1	1	0
362	LOC150185	4	7	11	0	1
363	LOC154872	3	0	3	1	0
364	LOC158376	3	1	4	0	0
365	LOC1720	1	0	1	1	1
366	LOC254099	4	0	4	1	0
367	LOC257358	1	0	1	1	0
368	LOC283403	1	0	1	1	1
369	LOC284080	1	0	1	1	0
370	LOC284661	1	0	1	1	1
371	LOC285084	1	0	1	1	1
372	LOC285548	1	0	1	1	0
373	LOC286135	1	0	1	1	0
374	LOC286238	3	1	4	0	1
375	LOC286442	10	11	21	0	0
376	LOC339568	2	1	3	0	1
377	LOC339822	0	1	1	0	0
378	LOC340074	3	0	3	1	0
379	LOC340094	2	0	2	1	0
380	LOC344887	3	2	5	0	0
381	LOC388553	1	0	1	1	0
382	LOC388813	1	0	1	1	1
383	LOC400620	3	7	10	0	0
384	LOC440117	0	1	1	1	0
385	LOC440925	1	1	2	0	1
386	LOC442497	0	1	1	0	0
387	LOC643441	0	1	1	1	0
388	LOC645355	0	1	1	0	0
389	LOC646268	0	1	1	0	0
390	LOC646862	1	0	1	1	0
391	LOC653486	2	1	3	0	1
392	LOC728012	1	0	1	1	1
393	LOC728040	1	0	1	1	1
394	LOC731779	1	0	1	1	1
395	LOC732275	1	2	3	0	0
396	LRRC15	0	3	3	0	0
397	LRRC2-AS1	6	0	6	1	0
398	LRRC3-AS1	1	2	3	0	1
399	LRRC3C	1	0	1	1	1
400	LY6G6E	1	0	1	1	0
401	LY86	0	3	3	0	0
402	LY96	0	1	1	0	0
403	LYZL1	0	1	1	0	0
404	LYZL4	1	0	1	1	1
405	MAGEA1	0	3	3	0	0
406	MAGEA10-MAGEA5	1	2	3	0	1
407	MAGEA2	0	1	1	0	0
408	MAGEA5	1	0	1	1	1
409	MAGEB3	2	1	3	0	1
410	MARCO	1	2	3	0	1
411	MAS1L	1	1	2	0	1
412	MB	4	2	6	0	1
413	MBD3L2	11	6	17	0	0
414	MBD3L4	1	0	1	1	1
415	MBD3L5	0	1	1	0	0
416	MC3R	0	1	1	1	0
417	MFSD6L	1	1	2	1	0
418	MIR1-2	2	0	2	1	0
419	MIR105-2	1	1	2	0	1
420	MIR1179	1	1	2	0	1
421	MIR1197	3	0	3	1	1
422	MIR1224	2	0	2	1	1
423	MIR1226	0	2	2	0	0
424	MIR1243	1	2	3	0	0
425	MIR1270-1	2	0	2	1	1
426	MIR1270-2	1	1	2	0	1
427	MIR1301	0	1	1	0	0
428	MIR130A	1	0	1	1	1
429	MIR130B	1	0	1	1	1
430	MIR137	0	1	1	0	0
431	MIR138-2	0	1	1	0	0
432	MIR142	1	1	2	0	1
433	MIR146B	0	1	1	0	0
434	MIR147B	0	1	1	0	0
435	MIR150	2	2	4	0	0
436	MIR16-1	5	2	7	0	1
437	MIR181B2	2	0	2	1	1
438	MIR181C	3	1	4	0	1
439	MIR183	2	2	4	0	1
440	MIR18A	2	2	4	0	0
441	MIR190A	8	13	21	0	0
442	MIR191	1	0	1	1	1
443	MIR194-1	0	1	1	0	0
444	MIR1972-1	1	0	1	1	1
445	MIR1972-2	0	1	1	0	0
446	MIR21	1	0	1	1	0
447	MIR211	5	4	9	0	0
448	MIR216A	1	0	1	1	1
449	MIR23C	0	2	2	0	0
450	MIR2467	1	0	1	1	1
451	MIR29B2	0	1	1	0	0
452	MIR301B	0	1	1	0	0
453	MIR3074	1	1	2	0	1
454	MIR3121	1	1	2	0	1
455	MIR3155A	0	1	1	0	0
456	MIR3169	2	0	2	1	1
457	MIR3179-1	3	0	3	1	1
458	MIR3179-2	2	1	3	0	1
459	MIR3179-3	1	2	3	0	1
460	MIR3192	1	1	2	0	1
461	MIR3193	1	1	2	0	1
462	MIR32	1	0	1	1	1
463	MIR3202-1	2	3	5	0	0
464	MIR320A	0	1	1	0	0
465	MIR329-1	2	1	3	0	1
466	MIR329-2	1	2	3	0	1
467	MIR335	4	0	4	1	0
468	MIR33B	6	5	11	0	0
469	MIR3609	0	2	2	0	0
470	MIR3620	1	0	1	1	1
471	MIR3649	1	3	4	0	1
472	MIR3660	0	3	3	0	0
473	MIR3666	0	3	3	0	0
474	MIR3675	0	1	1	0	0
475	MIR3679	1	1	2	1	1
476	MIR3684	2	1	3	0	0
477	MIR3692	1	0	1	1	1
478	MIR378C	12	9	21	0	0
479	MIR378D2	0	1	1	0	0
480	MIR384	2	1	3	1	0
481	MIR3907	3	2	5	0	1
482	MIR3913-2	0	4	4	0	0
483	MIR3939	0	1	1	0	0
484	MIR3941	0	2	2	0	0
485	MIR3976	2	2	4	0	1
486	MIR412	2	1	3	0	1
487	MIR425	0	1	1	0	0
488	MIR4256	0	1	1	0	0
489	MIR4269	0	3	3	0	0
490	MIR4271	1	2	3	0	1
491	MIR4284	1	0	1	1	1
492	MIR4295	2	3	5	0	0
493	MIR4305	3	0	3	1	0
494	MIR4306	0	1	1	0	0
495	MIR4307	1	2	3	0	0
496	MIR4315-1	1	0	1	1	1
497	MIR4315-2	0	1	1	0	0
498	MIR432	1	2	3	0	1
499	MIR4321	1	0	1	1	1
500	MIR433	1	3	4	0	1
501	MIR4427	5	3	8	0	0
502	MIR4451	0	2	2	0	0
503	MIR4453	1	0	1	1	1
504	MIR4472-1	4	4	8	0	0
505	MIR4472-2	0	1	1	0	0
506	MIR4473	0	1	1	0	0
507	MIR4474	0	1	1	0	0
508	MIR4490	0	2	2	0	0
509	MIR449B	5	1	6	0	0
510	MIR450A2	1	2	3	0	1
511	MIR4519	0	1	1	0	0
512	MIR4524B	1	0	1	1	1
513	MIR4526	2	0	2	1	1
514	MIR454	1	0	1	1	1
515	MIR4636	0	1	1	0	0
516	MIR4640	1	1	2	0	1
517	MIR4707	0	1	1	0	0
518	MIR4738	1	0	1	1	1
519	MIR4741	1	0	1	1	1
520	MIR4746	0	1	1	0	0
521	MIR4751	1	0	1	1	1
522	MIR4760	1	3	4	0	0
523	MIR4762	0	1	1	0	0
524	MIR4770	0	1	1	0	0
525	MIR4777	0	1	1	0	0
526	MIR4784	1	0	1	1	1
527	MIR4789	13	1	14	0	0
528	MIR4798	1	0	1	1	1
529	MIR491	1	0	1	1	1
530	MIR497	1	0	1	1	0
531	MIR499A	0	1	1	0	0
532	MIR502	3	3	6	0	0
533	MIR508	1	1	2	0	1
534	MIR5091	0	1	1	0	0
535	MIR514A1	3	3	6	0	1
536	MIR514A2	1	0	1	1	1
537	MIR514A3	0	1	1	0	0
538	MIR5194	0	1	1	0	0
539	MIR519A1	3	8	11	0	1
540	MIR520E	0	2	2	0	0
541	MIR522	2	9	11	0	1
542	MIR548A1	1	1	2	0	1
543	MIR548F4	2	1	3	0	1
544	MIR548J	7	4	11	0	0
545	MIR553	1	3	4	0	1
546	MIR563	0	2	2	0	0
547	MIR5685	2	0	2	1	1
548	MIR5688	0	2	2	0	0
549	MIR569	0	7	7	0	0
550	MIR5708	0	1	1	0	0
551	MIR572	0	1	1	0	0
552	MIR577	0	1	1	0	0
553	MIR592	2	6	8	0	0
554	MIR595	1	0	1	1	1
555	MIR610	0	1	1	0	0
556	MIR613	0	1	1	0	0
557	MIR618	1	1	2	0	0
558	MIR627	1	1	2	1	1
559	MIR641	1	1	2	0	1
560	MIR642A	0	1	1	0	0
561	MIR642B	4	5	9	0	0
562	MIR650	2	3	5	0	1
563	MIR658	0	1	1	0	0
564	MIR663B	11	10	21	0	0
565	MIR711	1	0	1	1	1
566	MIR889	1	2	3	0	1
567	MIR891B	3	0	3	1	0
568	MIR941-2	0	4	4	0	0
569	MIR941-3	1	1	2	0	1
570	MIR943	2	0	2	1	1
571	MIRLET7A1	0	1	1	0	0
572	MLNR	1	0	1	1	0
573	MMP20	0	2	2	0	0
574	MOGAT2	10	11	21	0	0
575	MOXD2P	1	0	1	1	0
576	MRGPRD	0	2	2	0	0
577	MRGPRX2	3	4	7	0	0
578	MS4A8B	6	1	7	1	0
579	MSMB	3	2	5	0	1
580	MT1DP	0	1	1	0	0
581	MYADML	1	0	1	1	1
582	MYF6	5	4	9	0	0
583	MYH8	0	1	1	0	0
584	MYOC	1	0	1	1	0
585	NAALADL2-AS3	0	1	1	0	0
586	NCR2	1	0	1	1	0
587	NCR3	1	1	2	0	1
588	NEU2	3	8	11	0	0
589	NEUROG2	0	1	1	0	0
590	NKX2-1	2	4	6	0	0
591	NKX2-6	1	0	1	1	1
592	NKX3-2	0	1	1	0	0
593	NLRP7	1	0	1	1	1
594	NR0B2	9	12	21	0	0
595	NREP-AS1	1	2	3	0	1
596	NUP210P1	0	1	1	0	0
597	OACYLP	1	2	3	0	1
598	ODAM	0	2	2	0	0
599	OLIG3	1	1	2	0	1
600	OPN1MW2	0	1	1	0	0
601	OR10G2	0	1	1	0	0
602	OR10G4	1	1	2	0	1
603	OR10G9	0	2	2	0	0
604	OR10Q1	0	1	1	0	0
605	OR10R2	0	1	1	0	0
606	OR10S1	1	2	3	0	0
607	OR10T2	0	3	3	0	0
608	OR10V1	0	2	2	0	0
609	OR10W1	0	2	2	0	0
610	OR11H6	0	2	2	0	0
611	OR13C3	0	1	1	0	0
612	OR13F1	0	1	1	0	0
613	OR14I1	1	1	2	0	1
614	OR14J1	0	1	1	1	0
615	OR1A2	0	2	2	0	0
616	OR1B1	0	4	4	0	0
617	OR1D4	0	1	1	1	0
618	OR1F2P	2	2	4	0	1
619	OR1G1	0	2	2	0	0
620	OR1J4	0	1	1	1	0
621	OR1L3	2	3	5	0	1
622	OR1Q1	1	1	2	0	1
623	OR1S1	7	1	8	0	1
624	OR2A12	0	1	1	0	0
625	OR2A14	1	0	1	1	1
626	OR2B11	1	1	2	0	0
627	OR2C3	0	1	1	0	0
628	OR2F1	3	0	3	1	1
629	OR2G3	0	1	1	0	0
630	OR2G6	0	2	2	0	0
631	OR2T2	1	1	2	0	1
632	OR2T35	0	3	3	1	0
633	OR2V2	2	2	4	0	0
634	OR2W5	0	2	2	0	0
635	OR2Y1	8	13	21	0	0
636	OR3A1	0	2	2	0	0
637	OR3A2	0	1	1	0	0
638	OR3A3	7	14	21	0	0
639	OR3A4P	0	1	1	0	0
640	OR4D5	1	2	3	0	0
641	OR4D6	1	2	3	0	1
642	OR4D9	0	1	1	0	0
643	OR4E2	6	15	21	0	0
644	OR4K1	0	2	2	0	0
645	OR4K13	5	16	21	0	0
646	OR4K17	1	0	1	1	1
647	OR4N4	1	1	2	0	1
648	OR4N5	0	1	1	0	0
649	OR4P4	0	4	4	0	0
650	OR4X2	0	2	2	0	0
651	OR51B4	1	1	2	1	0
652	OR51G1	0	4	4	0	0
653	OR51G2	3	6	9	0	0
654	OR51L1	0	1	1	0	0
655	OR51M1	0	2	2	0	0
656	OR51T1	1	2	3	1	0
657	OR52E4	2	4	6	0	0
658	OR52M1	0	2	2	0	0
659	OR52N1	0	2	2	0	0
660	OR52N2	2	1	3	0	0
661	OR52R1	2	3	5	0	0
662	OR56A3	1	5	6	0	0
663	OR56B1	0	2	2	0	0
664	OR56B4	1	0	1	1	1
665	OR5A2	0	2	2	0	0
666	OR5AR1	2	4	6	0	1
667	OR5B3	1	0	1	1	0
668	OR5D13	2	2	4	0	1
669	OR5P2	0	3	3	0	0
670	OR6C1	2	1	3	1	0
671	OR6C3	3	4	7	0	0
672	OR6C65	0	1	1	0	0
673	OR6C68	0	1	1	0	0
674	OR6C70	0	1	1	0	0
675	OR6C74	0	3	3	0	0
676	OR6C75	0	1	1	0	0
677	OR6K6	2	0	2	1	1
678	OR6N1	0	2	2	0	0
679	OR6N2	3	8	11	0	0
680	OR6S1	0	2	2	0	0
681	OR6X1	1	0	1	1	0
682	OR6Y1	4	17	21	0	0
683	OR7C2	2	10	12	0	0
684	OR8B12	0	2	2	0	0
685	OR8D2	2	1	3	0	0
686	OR8J3	1	1	2	0	1
687	OR9A4	0	3	3	1	0
688	OR9G1	3	1	4	1	1
689	OR9G9	2	2	4	0	0
690	OR9I1	7	1	8	1	0
691	OR9Q2	0	2	2	0	0
692	OSTN	0	3	3	0	0
693	OTOL1	0	1	1	0	0
694	OTOP3	0	3	3	0	0
695	OTP	2	0	2	1	1
696	P2RX2	3	4	7	0	1
697	P2RX3	0	1	1	0	0
698	P2RY10	0	1	1	0	0
699	PADI4	0	1	1	0	0
700	PAEP	0	1	1	0	0
701	PAGE5	2	1	3	0	0
702	PAR4	0	1	1	0	0
703	PAX2	1	8	9	0	1
704	PCDHB1	1	0	1	1	1
705	PCGEM1	3	18	21	0	0
706	PDE6H	0	1	1	0	0
707	PDX1	1	1	2	1	0
708	PDZK1IP1	1	4	5	0	0
709	PF4V1	0	2	2	0	0
710	PGC	0	1	1	0	0
711	PHOX2A	1	0	1	1	1
712	PI3	1	0	1	1	1
713	PITX1	0	1	1	0	0
714	PITX2	1	1	2	0	0
715	PLA2G2D	1	3	4	0	1
716	PLA2G2E	2	6	8	0	0
717	PNLIPRP3	1	2	3	0	0
718	POU1F1	1	2	3	0	1
719	POU4F3	1	1	2	0	1
720	PPBP	0	1	1	0	0
721	PPP1R2P9	0	1	1	1	0
722	PRAC	1	4	5	0	0
723	PRAMEF13	1	3	4	0	0
724	PRAMEF18	1	0	1	1	1
725	PRAMEF19	0	1	1	0	0
726	PRAMEF21	0	2	2	1	0
727	PRDM13	0	1	1	0	0
728	PRDM9	0	1	1	0	0
729	PRG1	0	1	1	0	0
730	PRG3	1	6	7	0	1
731	PRKACG	0	3	3	0	0
732	PRL	1	0	1	1	0
733	PRM1	0	1	1	0	0
734	PRM3	1	1	2	0	0
735	PRSS1	7	2	9	0	0
736	PRSS16	0	1	1	0	0
737	PRSS45	1	1	2	1	0
738	PRSS56	0	5	5	0	0
739	PRSS58	0	6	6	0	0
740	PSORS1C2	0	3	3	0	0
741	RAB9BP1	1	1	2	0	1
742	RAET1L	1	2	3	0	0
743	RBBP8NL	0	3	3	0	0
744	RBMXL2	0	1	1	0	0
745	RBMY1B	0	1	1	0	0
746	RBMY1D	3	0	3	1	1
747	RBMY1E	2	1	3	0	1
748	RBMY1F	1	2	3	0	1
749	RBMY1J	0	3	3	0	0
750	RDH8	1	16	17	0	0
751	REG1B	2	9	11	0	0
752	REG1P	0	3	3	0	0
753	REG3G	0	1	1	0	0
754	RGL3	1	0	1	1	0
755	RHOD	1	0	1	1	1
756	RNASE3	0	1	1	0	0
757	RNASE8	0	1	1	0	0
758	RNASE9	2	1	3	0	1
759	RNF186	1	16	17	0	0
760	RNF223	0	1	1	0	0
761	RNU6-19	0	1	1	0	0
762	RNY5	0	2	2	0	0
763	RTP3	0	1	1	0	0
764	S100A7	1	0	1	1	1
765	S100Z	2	8	10	0	0
766	SCGB1D2	0	1	1	0	0
767	SCGB2A1	0	1	1	0	0
768	SCGB2A2	0	1	1	0	0
769	SCXA	3	3	6	0	1
770	SCXB	2	4	6	0	0
771	SDC4P	0	3	3	0	0
772	SDR42E1	0	1	1	0	0
773	SEMG2	0	1	1	1	0
774	SERPINA12	1	1	2	1	0
775	SERPINA13P	0	1	1	0	0
776	SERPINA5	0	21	21	0	0
777	SERPINA7	1	3	4	0	0
778	SERPINA9	1	10	11	0	0
779	SERPINB12	1	5	6	0	1
780	SERPINB3	0	1	1	1	0
781	SERPINB4	0	2	2	0	0
782	SGK110	0	1	1	0	0
783	SHH	0	1	1	1	0
784	SIGLEC12	0	1	1	0	0
785	SIGLEC6	1	8	9	0	0
786	SIT1	1	14	15	0	0
787	SIX3	1	0	1	1	1
788	SLAMF1	0	1	1	1	0
789	SLC17A2	2	2	4	0	1
790	SLC17A7	0	1	1	0	0
791	SLC17A9	0	1	1	0	0
792	SLC22A25	0	2	2	0	0
793	SLC25A3P1	0	1	1	0	0
794	SLC6A18	0	3	3	1	0
795	SLFN12L	0	3	3	0	0
796	SMEK3P	1	2	3	0	1
797	SMIM2-IT1	0	4	4	0	0
798	SMR3A	0	1	1	1	0
799	SMR3B	0	11	11	0	0
800	SNAR-C3	0	4	4	0	0
801	SNORA35	0	1	1	0	0
802	SNORD108	2	0	2	1	1
803	SNORD113-5	0	1	1	0	0
804	SNORD114-20	1	4	5	0	1
805	SNORD114-24	0	1	1	0	0
806	SNORD114-26	0	1	1	0	0
807	SNORD116-1	0	1	1	0	0
808	SNORD116-11	0	1	1	0	0
809	SNORD116-29	0	4	4	0	0
810	SNORD121A	0	3	3	0	0
811	SNORD18C	0	2	2	0	0
812	SNORD32B	0	2	2	0	0
813	SNORD36C	0	9	9	0	0
814	SNORD37	0	3	3	0	0
815	SNORD58B	0	1	1	0	0
816	SNORD7	0	1	1	0	0
817	SNORD71	0	1	1	0	0
818	SNORD72	0	1	1	0	0
819	SNORD82	1	1	2	0	1
820	SNORD91B	0	1	1	0	0
821	SNORD92	1	1	2	0	1
822	SP8	0	3	3	0	0
823	SPAG11A	1	10	11	0	0
824	SPANXN5	1	0	1	1	0
825	SPATA3	1	3	4	0	1
826	SPATA31E1	0	1	1	1	0
827	SPDYE4	0	6	6	0	0
828	SPINK1	0	3	3	0	0
829	SPO11	8	6	14	0	0
830	SPRR2D	0	2	2	0	0
831	SPRR2E	0	2	2	0	0
832	SPRR2G	0	2	2	0	0
833	SSTR4	0	2	2	0	0
834	ST8SIA6-AS1	0	3	3	0	0
835	STOML3	0	1	1	0	0
836	SULT1B1	0	1	1	0	0
837	SULT6B1	0	9	9	0	0
838	SUN5	0	6	6	0	0
839	SYNPR-AS1	1	0	1	1	0
840	TAAR1	0	1	1	0	0
841	TAAR2	0	1	1	1	0
842	TAAR5	0	7	7	0	0
843	TAAR8	0	2	2	0	0
844	TAS2R38	0	8	8	0	0
845	TBC1D21	0	2	2	0	0
846	TBL1Y	7	7	14	0	0
847	TEX13A	0	2	2	0	0
848	TEX13B	0	1	1	0	0
849	TEX36	0	3	3	0	0
850	TEX37	1	2	3	0	1
851	TH	1	1	2	0	1
852	THBD	1	0	1	1	1
853	THEG5	0	1	1	0	0
854	TLX3	0	1	1	0	0
855	TM4SF5	0	1	1	0	0
856	TMCO5B	0	2	2	0	0
857	TMEM95	0	1	1	0	0
858	TMPRSS4-AS1	0	1	1	0	0
859	TNFRSF18	0	4	4	0	0
860	TNNT2	0	2	2	0	0
861	TNP2	0	5	5	0	0
862	TPPP2	1	3	4	1	0
863	TPRX1	1	0	1	1	1
864	TRAT1	0	1	1	0	0
865	TREM2	0	1	1	1	0
866	TREML5P	0	3	3	0	0
867	TRIM10	0	3	3	0	0
868	TRIML2	0	2	2	0	0
869	TRPC2	0	4	4	0	0
870	TSPAN16	0	1	1	0	0
871	TSPY4	0	1	1	0	0
872	TTLL10	0	1	1	0	0
873	TTTY1	3	0	3	1	1
874	TTTY11	5	6	11	0	0
875	TTTY12	4	3	7	0	0
876	TTTY13	4	10	14	0	0
877	TTTY2	2	1	3	0	1
878	TTTY22	0	6	6	0	0
879	TTTY2B	1	2	3	0	0
880	TTTY4	2	0	2	1	1
881	TTTY4B	1	1	2	0	1
882	TTTY4C	0	2	2	0	0
883	TTTY5	3	11	14	0	0
884	TTTY7B	0	5	5	0	0
885	TTTY8	2	12	14	0	0
886	TTTY8B	1	13	14	0	0
887	TTTY9A	1	2	3	0	1
888	TTTY9B	0	3	3	0	0
889	TUBA4B	0	4	4	0	0
890	TWIST2	0	1	1	0	0
891	UGT1A1	0	4	4	0	0
892	UGT1A3	1	2	3	0	0
893	UGT1A4	0	4	4	0	0
894	UGT1A5	0	1	1	1	0
895	UGT1A9	0	2	2	0	0
896	USP17L11	1	0	1	1	1
897	USP17L12	2	0	2	1	0
898	USP17L18	0	1	1	0	0
899	USP17L19	1	2	3	0	0
900	USP17L21	0	2	2	0	0
901	UTS2R	0	2	2	0	0
902	VAV3-AS1	0	2	2	0	0
903	VN1R4	0	2	2	0	0
904	VNN3	0	8	8	0	0
905	VPREB1	0	1	1	0	0
906	VTRNA1-3	0	2	2	0	0
907	WFDC9	0	1	1	0	0
908	WNT8A	0	2	2	0	0
909	WT1-AS	0	2	2	0	0
910	XAGE2	0	2	2	0	0
911	XAGE2B	0	11	11	0	0
912	XPNPEP2	0	1	1	1	0
913	ZAR1L	0	1	1	0	0
914	ZFX-AS1	0	2	2	0	0
915	ZNRF4	0	1	1	0	0
