source	target	u	v	weight
CSH2	SPAG11A	109	823	1
BPIFA4P	MRGPRX2	34	577	1
ALPPL2	C10orf91	10	43	1
ALPPL2	CD300C	10	79	1
C10orf91	CD300C	43	79	1
CPSF4L	MRGPRX2	102	577	1
BPIFA4P	CPSF4L	34	102	1
CLC	DEFB128	90	132	1
DLX5	MIR508	139	533	1
DUX4L2	DUX4L3	146	147	1
DUX4L2	DUX4L5	146	148	1
DUX4L3	DUX4L5	147	148	1
DUX4L2	DUX4L6	146	149	1
DUX4L3	DUX4L6	147	149	1
DUX4L5	DUX4L6	148	149	1
FAM197Y2	FAM197Y5	160	161	1
FAM41AY1	FAM41AY2	164	165	1
CCL18	FAM99B	72	168	1
CYP4B1	GAGE7	117	187	1
GOT1L1	MIR137	199	430	1
H2AFB1	H2AFB3	213	215	1
ALPPL2	HLA-DQA2	10	226	1
C10orf91	HLA-DQA2	43	226	1
CD300C	HLA-DQA2	79	226	1
EDDM3B	KIF2B	150	261	1
CSH2	KRTAP4-4	109	305	1
KRTAP4-4	SPAG11A	305	823	1
KRTAP4-11	KRTAP4-8	303	309	1
KRTAP21-2	LCE1F	298	316	1
CLC	LINC00112	90	327	1
DEFB128	LINC00112	132	327	1
GPR33	LINC00424	204	337	1
CSH2	LOC100287534	109	352	1
LOC100287534	SPAG11A	352	823	1
KRTAP4-4	LOC100287534	305	352	1
LINC00563	LOC100287704	342	353	1
KRT85	LOC286442	282	375	1
KCNMB2-IT1	LOC645355	260	388	1
CSH1	MAGEA10-MAGEA5	108	406	1
MIR1270-1	MIR1270-2	425	426	1
LINC00254	MIR138-2	333	431	1
GZMK	MIR147B	212	434	1
FLI1-AS1	MIR181C	179	438	1
FLI1-AS1	MIR183	179	439	1
MIR181C	MIR183	438	439	1
HOXB-AS5	MIR211	231	447	1
MIR1224	MIR3074	422	453	1
CSH2	MIR33B	109	468	1
MIR33B	SPAG11A	468	823	1
KRTAP4-4	MIR33B	305	468	1
LOC100287534	MIR33B	352	468	1
KCNAB1-AS2	MIR3609	259	469	1
FLI1-AS1	MIR3649	179	471	1
MIR181C	MIR3649	438	471	1
MIR183	MIR3649	439	471	1
H2AFB1	MIR3941	213	484	1
H2AFB3	MIR3941	215	484	1
MIR4284	RNU6-19	491	761	1
MIR4315-1	MIR4315-2	496	497	1
KRTAP21-2	MIR432	298	498	1
LCE1F	MIR432	316	498	1
CCL18	MIR4451	72	502	1
FAM99B	MIR4451	168	502	1
LRRC2-AS1	MIR449B	397	509	1
CAMP	MIR4760	63	522	1
CLC	MIR519A1	90	539	1
DEFB128	MIR519A1	132	539	1
LINC00112	MIR519A1	327	539	1
MIR508	MIR520E	533	540	1
DLX5	MIR520E	139	540	1
CLC	MIR522	90	541	1
DEFB128	MIR522	132	541	1
LINC00112	MIR522	327	541	1
MIR519A1	MIR522	539	541	1
FABP9	MIR548A1	155	542	1
FAM187B	MIR548F4	159	543	1
MIR548J	SERPINA9	544	778	1
LCN9	MIR5708	323	550	1
CDRT15P2	MIR592	82	553	1
ALPPL2	MIR663B	10	564	1
C10orf91	MIR663B	43	564	1
CD300C	MIR663B	79	564	1
HLA-DQA2	MIR663B	226	564	1
MIR412	MIR889	486	566	1
CAMP	MIR941-2	63	568	1
MIR4760	MIR941-2	522	568	1
KLK9	MMP20	266	573	1
ALPPL2	MOGAT2	10	574	1
C10orf91	MOGAT2	43	574	1
CD300C	MOGAT2	79	574	1
HLA-DQA2	MOGAT2	226	574	1
MIR663B	MOGAT2	564	574	1
MIR3169	OR10V1	456	608	1
ALPPL2	OR4E2	10	643	1
C10orf91	OR4E2	43	643	1
CD300C	OR4E2	79	643	1
HLA-DQA2	OR4E2	226	643	1
MIR663B	OR4E2	564	643	1
MOGAT2	OR4E2	574	643	1
ALPPL2	OR4K13	10	645	1
C10orf91	OR4K13	43	645	1
CD300C	OR4K13	79	645	1
HLA-DQA2	OR4K13	226	645	1
MIR663B	OR4K13	564	645	1
MOGAT2	OR4K13	574	645	1
OR4E2	OR4K13	643	645	1
HOXB-AS5	OR51G2	231	653	1
MIR211	OR51G2	447	653	1
LRRC2-AS1	OR52E4	397	657	1
MIR449B	OR52E4	509	657	1
ALPPL2	OR6Y1	10	682	1
C10orf91	OR6Y1	43	682	1
CD300C	OR6Y1	79	682	1
HLA-DQA2	OR6Y1	226	682	1
MIR663B	OR6Y1	564	682	1
MOGAT2	OR6Y1	574	682	1
OR4E2	OR6Y1	643	682	1
OR4K13	OR6Y1	645	682	1
MIR627	OR9Q2	558	691	1
ASCL4	OSTN	19	692	1
ALPPL2	PCGEM1	10	705	1
C10orf91	PCGEM1	43	705	1
CD300C	PCGEM1	79	705	1
HLA-DQA2	PCGEM1	226	705	1
MIR663B	PCGEM1	564	705	1
MOGAT2	PCGEM1	574	705	1
OR4E2	PCGEM1	643	705	1
OR4K13	PCGEM1	645	705	1
OR6Y1	PCGEM1	682	705	1
MIR4784	PRSS16	526	736	1
MIR181B2	RAB9BP1	437	741	1
RBMY1D	RBMY1E	746	747	1
RBMY1D	RBMY1F	746	748	1
RBMY1E	RBMY1F	747	748	1
REG1B	SERPINA9	751	778	1
MIR548J	REG1B	544	751	1
LOC254099	SMIM2-IT1	366	797	1
C5orf58	TNFRSF18	56	859	1
DEFB4A	TTTY22	135	878	1
TTTY13	TTTY5	876	883	1
TTTY13	TTTY8	876	885	1
TTTY5	TTTY8	883	885	1
TTTY13	TTTY8B	876	886	1
TTTY5	TTTY8B	883	886	1
TTTY8	TTTY8B	885	886	1
SNORD92	VTRNA1-3	821	906	1
AA06	ALPPL2	1	10	1
AA06	C10orf91	1	43	1
AA06	CD300C	1	79	1
AA06	HLA-DQA2	1	226	1
AA06	MIR663B	1	564	1
AA06	MOGAT2	1	574	1
AA06	OR4E2	1	643	1
AA06	OR4K13	1	645	1
AA06	OR6Y1	1	682	1
AA06	PCGEM1	1	705	1
BHLHA9	MIR105-2	28	419	1
BPIFA3	DEFB4A	33	135	1
BPIFA3	TTTY22	33	878	1
BSPH1	MSMB	39	579	1
CCL21	PITX1	75	713	1
CDA	LINC00563	81	342	1
CDA	LOC100287704	81	353	1
CSAG1	LINC00111	106	326	1
CSN1S2BP	DEFA4	111	123	1
DEFB118	MIR3202-1	129	463	1
DUSP21	GPR50	145	205	1
EMR3	KRTAP12-1	153	292	1
FGF4	FTMT	177	185	1
DEFB110	GIMD1	128	192	1
GSTA5	SNORD37	209	814	1
HBBP1	MIR3121	221	454	1
HES3	KRTAP4-11	224	303	1
HES3	KRTAP4-8	224	309	1
APOC4-APOC2	KRT74	17	278	1
KRT9	MARCO	283	410	1
ACTN1-AS1	KRTAP10-4	6	287	1
KRTAP11-1	MB	291	412	1
KRTAP12-1	KRTAP12-2	292	293	1
EMR3	KRTAP12-2	153	293	1
GPR33	KRTAP2-2	204	297	1
KRTAP2-2	LINC00424	297	337	1
ALPPL2	KRTAP3-1	10	301	1
C10orf91	KRTAP3-1	43	301	1
CD300C	KRTAP3-1	79	301	1
HLA-DQA2	KRTAP3-1	226	301	1
KRTAP3-1	MIR663B	301	564	1
KRTAP3-1	MOGAT2	301	574	1
KRTAP3-1	OR4E2	301	643	1
KRTAP3-1	OR4K13	301	645	1
KRTAP3-1	OR6Y1	301	682	1
KRTAP3-1	PCGEM1	301	705	1
AA06	KRTAP3-1	1	301	1
LINC00207	MIR569	329	549	1
KRT85	LINC00332	282	334	1
LINC00332	LOC286442	334	375	1
DEFB4A	LINC00359	135	336	1
LINC00359	TTTY22	336	878	1
BPIFA3	LINC00359	33	336	1
CLC	LOC150185	90	362	1
DEFB128	LOC150185	132	362	1
LINC00112	LOC150185	327	362	1
LOC150185	MIR519A1	362	539	1
LOC150185	MIR522	362	541	1
GDF3	LOC158376	189	364	1
LOC283403	MIR5194	368	538	1
ASCL4	LOC653486	19	391	1
LOC653486	OSTN	391	692	1
DEFB135	LRRC3-AS1	134	398	1
MIR1197	MIR4269	421	489	1
KRTAP5-3	MIR1301	310	427	1
KRT85	MIR190A	282	441	1
LOC286442	MIR190A	375	441	1
LINC00332	MIR190A	334	441	1
BATF	MIR3192	26	460	1
FCN2	MIR320A	171	464	1
MIR329-1	MIR4269	465	489	1
MIR1197	MIR329-1	421	465	1
MIR329-2	MIR4269	466	489	1
MIR1197	MIR329-2	421	466	1
MIR329-1	MIR329-2	465	466	1
MIR335	UGT1A1	467	891	1
ATP6V0CP3	MIR3660	21	472	1
ACTN1-AS1	MIR3666	6	473	1
KRTAP10-4	MIR3666	287	473	1
ALPPL2	MIR378C	10	478	1
C10orf91	MIR378C	43	478	1
CD300C	MIR378C	79	478	1
HLA-DQA2	MIR378C	226	478	1
MIR378C	MIR663B	478	564	1
MIR378C	MOGAT2	478	574	1
MIR378C	OR4E2	478	643	1
MIR378C	OR4K13	478	645	1
MIR378C	OR6Y1	478	682	1
MIR378C	PCGEM1	478	705	1
AA06	MIR378C	1	478	1
KRTAP3-1	MIR378C	301	478	1
MIR191	MIR425	442	487	1
MIR4321	OR6C75	499	676	1
LOC286238	MIR433	374	500	1
MIR4427	PLA2G2E	501	716	1
MIR4472-1	PLA2G2E	504	716	1
MIR4427	MIR4472-1	501	504	1
MIR1270-1	MIR4490	425	508	1
MIR1270-2	MIR4490	426	508	1
CSHL1	MIR4636	110	515	1
MIR4789	TTTY13	527	876	1
MIR4789	TTTY5	527	883	1
MIR4789	TTTY8	527	885	1
MIR4789	TTTY8B	527	886	1
LOC728012	MIR5091	392	534	1
MB	MIR514A1	412	535	1
KRTAP11-1	MIR514A1	291	535	1
GDF3	MIR553	189	545	1
LOC158376	MIR553	364	545	1
MIR4738	MIR613	518	556	1
MIR5685	MIR641	547	559	1
HOXB-AS5	MIR642B	231	561	1
MIR211	MIR642B	447	561	1
MIR642B	OR51G2	561	653	1
MIR216A	NAALADL2-AS3	448	585	1
MIR4526	NCR3	513	587	1
ALPPL2	NR0B2	10	594	1
C10orf91	NR0B2	43	594	1
CD300C	NR0B2	79	594	1
HLA-DQA2	NR0B2	226	594	1
MIR663B	NR0B2	564	594	1
MOGAT2	NR0B2	574	594	1
NR0B2	OR4E2	594	643	1
NR0B2	OR4K13	594	645	1
NR0B2	OR6Y1	594	682	1
NR0B2	PCGEM1	594	705	1
AA06	NR0B2	1	594	1
KRTAP3-1	NR0B2	301	594	1
MIR378C	NR0B2	478	594	1
ASCL4	OACYLP	19	597	1
OACYLP	OSTN	597	692	1
LOC653486	OACYLP	391	597	1
KRTAP1-4	OR1A2	284	615	1
ALPPL2	OR2Y1	10	635	1
C10orf91	OR2Y1	43	635	1
CD300C	OR2Y1	79	635	1
HLA-DQA2	OR2Y1	226	635	1
MIR663B	OR2Y1	564	635	1
MOGAT2	OR2Y1	574	635	1
OR2Y1	OR4E2	635	643	1
OR2Y1	OR4K13	635	645	1
OR2Y1	OR6Y1	635	682	1
OR2Y1	PCGEM1	635	705	1
AA06	OR2Y1	1	635	1
KRTAP3-1	OR2Y1	301	635	1
MIR378C	OR2Y1	478	635	1
NR0B2	OR2Y1	594	635	1
ALPPL2	OR3A3	10	638	1
C10orf91	OR3A3	43	638	1
CD300C	OR3A3	79	638	1
HLA-DQA2	OR3A3	226	638	1
MIR663B	OR3A3	564	638	1
MOGAT2	OR3A3	574	638	1
OR3A3	OR4E2	638	643	1
OR3A3	OR4K13	638	645	1
OR3A3	OR6Y1	638	682	1
OR3A3	PCGEM1	638	705	1
AA06	OR3A3	1	638	1
KRTAP3-1	OR3A3	301	638	1
MIR378C	OR3A3	478	638	1
NR0B2	OR3A3	594	638	1
OR2Y1	OR3A3	635	638	1
APOBEC1	OR4D6	16	641	1
CSH2	OR6N2	109	679	1
OR6N2	SPAG11A	679	823	1
KRTAP4-4	OR6N2	305	679	1
LOC100287534	OR6N2	352	679	1
MIR33B	OR6N2	468	679	1
MIR943	OR8J3	570	686	1
MIR16-1	P2RX2	436	696	1
MIR891B	PAGE5	567	701	1
PRAMEF13	UGT1A1	723	891	1
MIR335	PRAMEF13	467	723	1
MIR2467	PRG1	450	729	1
MIR16-1	PRG3	436	730	1
P2RX2	PRG3	696	730	1
CSAG4	RBMY1B	107	745	1
RBMY1D	RBMY1J	746	749	1
RBMY1E	RBMY1J	747	749	1
RBMY1F	RBMY1J	748	749	1
ALPPL2	SERPINA5	10	776	1
C10orf91	SERPINA5	43	776	1
CD300C	SERPINA5	79	776	1
HLA-DQA2	SERPINA5	226	776	1
MIR663B	SERPINA5	564	776	1
MOGAT2	SERPINA5	574	776	1
OR4E2	SERPINA5	643	776	1
OR4K13	SERPINA5	645	776	1
OR6Y1	SERPINA5	682	776	1
PCGEM1	SERPINA5	705	776	1
AA06	SERPINA5	1	776	1
KRTAP3-1	SERPINA5	301	776	1
MIR378C	SERPINA5	478	776	1
NR0B2	SERPINA5	594	776	1
OR2Y1	SERPINA5	635	776	1
OR3A3	SERPINA5	638	776	1
MB	SERPINB12	412	779	1
KRTAP11-1	SERPINB12	291	779	1
MIR514A1	SERPINB12	535	779	1
MIR3907	SNORD114-20	481	804	1
IFNB1	SNORD114-24	249	805	1
H2AFB2	SNORD114-26	214	806	1
MIR3976	SNORD116-29	485	809	1
DEFB110	SNORD36C	128	813	1
GIMD1	SNORD36C	192	813	1
C5orf58	SPATA3	56	825	1
SPATA3	TNFRSF18	825	859	1
SPO11	TTTY13	829	876	1
SPO11	TTTY5	829	883	1
SPO11	TTTY8	829	885	1
SPO11	TTTY8B	829	886	1
MIR4789	SPO11	527	829	1
HOXB-AS5	SULT6B1	231	837	1
MIR211	SULT6B1	447	837	1
OR51G2	SULT6B1	653	837	1
MIR642B	SULT6B1	561	837	1
AMTN	TAS2R38	13	844	1
TBL1Y	TTTY13	846	876	1
TBL1Y	TTTY5	846	883	1
TBL1Y	TTTY8	846	885	1
TBL1Y	TTTY8B	846	886	1
MIR4789	TBL1Y	527	846	1
SPO11	TBL1Y	829	846	1
SIX3	THEG5	787	853	1
MIR150	TRPC2	435	869	1
MIR943	XAGE2	570	910	1
OR8J3	XAGE2	686	910	1
CLC	XAGE2B	90	911	1
DEFB128	XAGE2B	132	911	1
LINC00112	XAGE2B	327	911	1
MIR519A1	XAGE2B	539	911	1
MIR522	XAGE2B	541	911	1
LOC150185	XAGE2B	362	911	1
MB	SPDYE4	412	827	1
KRTAP11-1	SPDYE4	291	827	1
MIR514A1	SPDYE4	535	827	1
SERPINB12	SPDYE4	779	827	1
LOC440925	MIR23C	385	449	0.982873374670191
DEFB110	SIGLEC6	128	785	0.982700979133573
GIMD1	SIGLEC6	192	785	0.982700979133573
SIGLEC6	SNORD36C	785	813	0.982700979133573
C2CD4B	RNF223	54	760	0.97177075591158
KRTAP9-9	OR4N4	314	647	0.970324937010524
C2orf53	TH	55	851	0.967871749723867
LILRB5	TNNT2	324	860	0.960737302926596
GPR101	MIR3907	202	481	0.95770120484865
GPR101	SNORD114-20	202	804	0.95770120484865
CCL20	OR13C3	74	611	0.95730754935753
HS3ST6	MIR18A	238	440	0.956094614757908
HNF1B	MB	227	412	0.954500071032773
HNF1B	KRTAP11-1	227	291	0.954500071032773
HNF1B	MIR514A1	227	535	0.954500071032773
HNF1B	SERPINB12	227	779	0.954500071032773
HNF1B	SPDYE4	227	827	0.954500071032773
MIR711	OR6C65	565	672	0.953088917939395
HTN3	SLC17A9	241	791	0.946141256462882
GJA10	KLK12	194	264	0.939429795995488
DEFB110	MYF6	128	582	0.935956948758666
GIMD1	MYF6	192	582	0.935956948758665
MYF6	SNORD36C	582	813	0.935956948758665
MYF6	SIGLEC6	582	785	0.91973691703652
KLK8	KLK9	265	266	0.934845645411249
KLK8	MMP20	265	573	0.934845645411249
CSH2	S100Z	109	765	0.93285251994226
S100Z	SPAG11A	765	823	0.93285251994226
KRTAP4-4	S100Z	305	765	0.93285251994226
LOC100287534	S100Z	352	765	0.93285251994226
MIR33B	S100Z	468	765	0.93285251994226
OR6N2	S100Z	679	765	0.93285251994226
AGXT2	TNNT2	9	860	0.930971332553049
AGXT2	LILRB5	9	324	0.894374005276671
CLC	PAX2	90	703	0.930503026732088
DEFB128	PAX2	132	703	0.930503026732088
LINC00112	PAX2	327	703	0.930503026732088
MIR519A1	PAX2	539	703	0.930503026732088
MIR522	PAX2	541	703	0.930503026732088
LOC150185	PAX2	362	703	0.930503026732088
PAX2	XAGE2B	703	911	0.930503026732088
C2orf53	UTS2R	55	901	0.930051943792185
TH	UTS2R	851	901	0.90013006831245
LINC00619	MIR146B	343	433	0.925280436555828
GH1	GH2	190	191	0.924500286302427
DEFB4A	OR1L3	135	621	0.92285105172537
OR1L3	TTTY22	621	878	0.92285105172537
BPIFA3	OR1L3	33	621	0.92285105172537
LINC00359	OR1L3	336	621	0.92285105172537
EXOC3L4	LINC00651	154	344	0.922084704630198
GTSF1L	MIR4762	210	523	0.921838513914764
TTTY11	TTTY13	874	876	0.921048246561587
TTTY11	TTTY5	874	883	0.921048246561587
TTTY11	TTTY8	874	885	0.921048246561587
TTTY11	TTTY8B	874	886	0.921048246561587
MIR4789	TTTY11	527	874	0.921048246561587
SPO11	TTTY11	829	874	0.921048246561587
TBL1Y	TTTY11	846	874	0.921048246561587
OR56B4	RTP3	664	763	0.914771864501935
FAM9B	OR10W1	169	609	0.914766315039294
LINC00659	MIR658	345	563	0.914496445991989
CD300LF	FAM9B	80	169	0.912552411432503
CD300LF	OR10W1	80	609	0.834699006437998
C10orf120	CLC	42	90	0.911344773126954
C10orf120	DEFB128	42	132	0.911344773126954
C10orf120	LINC00112	42	327	0.911344773126954
C10orf120	MIR519A1	42	539	0.911344773126954
C10orf120	MIR522	42	541	0.911344773126954
C10orf120	LOC150185	42	362	0.911344773126954
C10orf120	XAGE2B	42	911	0.911344773126954
C10orf120	PAX2	42	703	0.847942264890975
HOXC6	SERPINB4	236	781	0.855596329817758
MIR3907	SMEK3P	481	796	0.908936550587988
SMEK3P	SNORD114-20	796	804	0.908936550587988
GPR101	SMEK3P	202	796	0.870436471040839
MIR181B2	UGT1A3	437	892	0.906878992122741
RAB9BP1	UGT1A3	741	892	0.906878992122741
AMY1C	KRT85	14	282	0.906430634461842
AMY1C	LOC286442	14	375	0.906430634461842
AMY1C	LINC00332	14	334	0.906430634461842
AMY1C	MIR190A	14	441	0.906430634461842
OR6K6	RNY5	677	762	0.9033784010081
OR5B3	SNORD121A	667	810	0.902708512430133
GPR50	OTOP3	205	694	0.899360320982585
DUSP21	OTOP3	145	694	0.899360320982585
CDRT15P2	KRT16P3	82	270	0.898498186923174
KRT16P3	MIR592	270	553	0.898498186923174
DEFA1	DEFA1B	121	122	1
KRTAP10-5	TREML5P	288	866	0.894586102989491
ACTN1-AS1	KRTAP10-7	6	290	0.888897042069826
KRTAP10-4	KRTAP10-7	287	290	0.888897042069826
KRTAP10-7	MIR3666	290	473	0.888897042069826
GPRC5D	OLIG3	206	599	0.84938767314984
MIR3202-1	OR51G1	463	652	0.885128916599207
DEFB118	OR51G1	129	652	0.885128916599207
CLC	FEZF1	90	173	0.882779345007749
DEFB128	FEZF1	132	173	0.882779345007749
FEZF1	LINC00112	173	327	0.882779345007749
FEZF1	MIR519A1	173	539	0.882779345007749
FEZF1	MIR522	173	541	0.882779345007749
FEZF1	LOC150185	173	362	0.882779345007749
FEZF1	XAGE2B	173	911	0.882779345007749
FEZF1	PAX2	173	703	0.821352611496097
C10orf120	FEZF1	42	173	0.804430659439632
FOXN1	MIR569	184	549	0.882630501459534
FOXN1	LINC00207	184	329	0.882630501459534
MIR16-1	OR8D2	436	685	0.880507421994473
OR8D2	P2RX2	685	696	0.880507421994473
OR8D2	PRG3	685	730	0.880507421994473
DNMT3L	MIR150	142	435	0.877899359262077
DNMT3L	TRPC2	142	869	0.877899359262077
KRTAP10-10	KRTAP4-6	285	307	0.877630337146149
MSMB	OR5D13	579	668	0.876816931916091
BSPH1	OR5D13	39	668	0.876816931916091
GKN1	TREML5P	195	866	0.875115833050933
GKN1	KRTAP10-5	195	288	0.782770645814988
LOC388553	MIR4271	381	490	0.874153728487497
CDRT15P2	HHEX	82	225	0.872759392103113
HHEX	MIR592	225	553	0.872759392103113
HHEX	KRT16P3	225	270	0.784077788131135
OR2V2	SPINK1	633	828	0.81238260927309
OR2F1	RNASE9	628	758	0.811411012631717
HOXC13	KRT79	235	280	0.805861900360384
LCE3C	SPRR2G	319	832	0.868355228852403
FOXI3	OR6C74	183	675	0.863948786003259
HSD17B2	OR4D9	239	642	0.863185518841614
BSND	SERPINB4	38	781	0.811110443163542
BSND	HOXC6	38	236	0.784143984570799
TEX37	TREML5P	850	866	0.857097755262932
KRTAP10-5	TEX37	288	850	0.766645738111178
GKN1	TEX37	195	850	0.749949364228721
LOC646862	MIR450A2	390	510	0.856366841537163
FLJ41350	KRT85	180	282	0.856145583165329
FLJ41350	LOC286442	180	375	0.856145583165329
FLJ41350	LINC00332	180	334	0.856145583165329
FLJ41350	MIR190A	180	441	0.856145583165329
AMY1C	FLJ41350	14	180	0.775939887049986
MIR454	REG3G	514	753	0.855430333063595
CLDN14	RNASE3	91	756	0.855315131797081
HS3ST4	HSFY1P1	237	240	0.854462687845658
KRTAP6-3	UGT1A4	311	893	0.85366270470174
UGT1A3	UGT1A4	892	893	0.831806548938391
KRTAP6-3	LOC100286922	311	351	0.853508069591486
LOC100286922	UGT1A4	351	893	0.728487762622484
MLNR	USP17L19	572	899	0.770766063849773
NCR2	OR3A1	586	636	0.851704139219952
C16orf78	C1orf68	45	52	0.849955285231299
KRT85	NEU2	282	588	0.8450375145977
LOC286442	NEU2	375	588	0.8450375145977
LINC00332	NEU2	334	588	0.8450375145977
MIR190A	NEU2	441	588	0.8450375145977
AMY1C	NEU2	14	588	0.76586783022993
FLJ41350	NEU2	180	588	0.723352715852638
BANF2	OR14I1	24	613	0.84384793139307
OR2V2	RAET1L	633	742	0.78488047230512
RAET1L	SPINK1	742	828	0.735376896983121
KRT85	SMR3B	282	799	0.842315516111124
LOC286442	SMR3B	375	799	0.842315516111124
LINC00332	SMR3B	334	799	0.842315516111124
MIR190A	SMR3B	441	799	0.842315516111124
AMY1C	SMR3B	14	799	0.763399726917213
FLJ41350	SMR3B	180	799	0.721021309493149
NEU2	SMR3B	588	799	0.711660519087172
GPR50	NREP-AS1	205	595	0.841766695710029
DUSP21	NREP-AS1	145	595	0.841766695710029
NREP-AS1	OTOP3	595	694	0.756946991819831
KRT78	MIR3202-1	279	463	0.841340829769158
DEFB118	KRT78	129	279	0.841340829769158
KRT78	OR51G1	279	652	0.744583656398915
CAPN11	OTOL1	64	693	0.73002046460776
HTR1B	SNORD37	242	814	0.838513024405087
GSTA5	HTR1B	209	242	0.838513024405087
LOC154872	SERPINA9	363	778	0.837946944381899
LOC154872	MIR548J	363	544	0.837946944381899
LOC154872	REG1B	363	751	0.837946944381899
HBM	LOC100507632	223	360	0.835009462616589
HOXA10-HOXA9	TNP2	229	861	0.834488241896365
CAPN11	SHH	64	783	0.723838609630242
AMTN	OR2B11	13	626	0.829971057032017
OR2B11	TAS2R38	626	844	0.829971057032017
AMTN	OR51B4	13	651	0.829417431419756
OR51B4	TAS2R38	651	844	0.829417431419756
ALPPL2	DNAJB8	10	140	0.828209143928186
C10orf91	DNAJB8	43	140	0.828209143928186
CD300C	DNAJB8	79	140	0.828209143928186
DNAJB8	HLA-DQA2	140	226	0.828209143928186
DNAJB8	MIR663B	140	564	0.828209143928186
DNAJB8	MOGAT2	140	574	0.828209143928186
DNAJB8	OR4E2	140	643	0.828209143928186
DNAJB8	OR4K13	140	645	0.828209143928186
DNAJB8	OR6Y1	140	682	0.828209143928186
DNAJB8	PCGEM1	140	705	0.828209143928186
AA06	DNAJB8	1	140	0.828209143928186
DNAJB8	KRTAP3-1	140	301	0.828209143928186
DNAJB8	MIR378C	140	478	0.828209143928186
DNAJB8	NR0B2	140	594	0.828209143928186
DNAJB8	OR2Y1	140	635	0.828209143928186
DNAJB8	OR3A3	140	638	0.828209143928186
DNAJB8	SERPINA5	140	776	0.828209143928186
DIAPH3-AS1	MIR610	137	555	0.827886309975592
SPANXN5	TNP2	824	861	0.827641886157082
IBSP	KRTAP6-3	244	311	0.827491385748693
IBSP	UGT1A4	244	893	0.706268967485105
IBSP	LOC100286922	244	351	0.70614094523187
MIR142	WFDC9	432	907	0.826870660415703
GPHB5	LOC100505622	201	355	0.825679612036689
OLIG3	OR5A2	599	665	0.791056872795838
GPRC5D	OR5A2	206	665	0.731328753287259
IL1F10	MIR502	252	532	0.82500889855226
LOC285548	SLFN12L	372	795	0.824850132170228
ALPPL2	RNF186	10	759	0.822945696352109
C10orf91	RNF186	43	759	0.82294569635211
CD300C	RNF186	79	759	0.822945696352109
HLA-DQA2	RNF186	226	759	0.822945696352109
MIR663B	RNF186	564	759	0.822945696352109
MOGAT2	RNF186	574	759	0.822945696352109
OR4E2	RNF186	643	759	0.82294569635211
OR4K13	RNF186	645	759	0.82294569635211
OR6Y1	RNF186	682	759	0.82294569635211
PCGEM1	RNF186	705	759	0.822945696352109
AA06	RNF186	1	759	0.82294569635211
KRTAP3-1	RNF186	301	759	0.822945696352109
MIR378C	RNF186	478	759	0.822945696352109
NR0B2	RNF186	594	759	0.82294569635211
OR2Y1	RNF186	635	759	0.822945696352109
OR3A3	RNF186	638	759	0.82294569635211
RNF186	SERPINA5	759	776	0.822945696352109
CDRT15P2	CMA1	82	97	0.82240922475673
CMA1	MIR592	97	553	0.82240922475673
CMA1	KRT16P3	97	270	0.73882254934772
CMA1	HHEX	97	225	0.717642332471437
RHOD	SNORD72	755	818	0.819941660940576
ALPPL2	RDH8	10	750	0.819888309772121
C10orf91	RDH8	43	750	0.819888309772121
CD300C	RDH8	79	750	0.819888309772121
HLA-DQA2	RDH8	226	750	0.819888309772121
MIR663B	RDH8	564	750	0.819888309772121
MOGAT2	RDH8	574	750	0.819888309772121
OR4E2	RDH8	643	750	0.819888309772121
OR4K13	RDH8	645	750	0.819888309772121
OR6Y1	RDH8	682	750	0.819888309772121
PCGEM1	RDH8	705	750	0.819888309772121
AA06	RDH8	1	750	0.819888309772121
KRTAP3-1	RDH8	301	750	0.819888309772121
MIR378C	RDH8	478	750	0.819888309772121
NR0B2	RDH8	594	750	0.819888309772121
OR2Y1	RDH8	635	750	0.819888309772121
OR3A3	RDH8	638	750	0.819888309772121
RDH8	SERPINA5	750	776	0.819888309772121
FGF22	LACRT	176	315	0.818048265883999
KRTAP29-1	TAAR1	300	840	0.81781854898185
HOXB-AS5	OR56A3	231	662	0.814758740390183
MIR211	OR56A3	447	662	0.814758740390183
OR51G2	OR56A3	653	662	0.814758740390183
MIR642B	OR56A3	561	662	0.814758740390184
OR56A3	SULT6B1	662	837	0.814758740390183
MIR1-2	MIR3976	418	485	0.813000206530628
MIR1-2	SNORD116-29	418	809	0.813000206530628
CDRT15P2	SNAR-C3	82	800	0.812770285632166
MIR592	SNAR-C3	553	800	0.812770285632166
KRT16P3	SNAR-C3	270	800	0.986013868603762
HHEX	SNAR-C3	225	800	0.709226897352857
CSH1	LOC100130480	108	349	0.811699273062542
LOC100130480	MAGEA10-MAGEA5	349	406	0.811699273062542
MIR4640	OR3A2	516	637	0.810986934113907
TTTY1	TTTY7B	873	884	0.810199033534753
DEFB110	SCXA	128	769	0.810187280733613
GIMD1	SCXA	192	769	0.810187280733613
SCXA	SNORD36C	769	813	0.810187280733613
SCXA	SIGLEC6	769	785	0.796123735482068
MYF6	SCXA	582	769	0.758208966673276
DEFB110	SCXB	128	770	0.810187280733613
GIMD1	SCXB	192	770	0.810187280733613
SCXB	SNORD36C	770	813	0.810187280733613
SCXB	SIGLEC6	770	785	0.796123735482068
MYF6	SCXB	582	770	0.758208966673276
SCXA	SCXB	769	770	1
BPY2	BPY2B	35	36	1
BPY2	BPY2C	35	37	1
BPY2B	BPY2C	36	37	1
TTTY4	TTTY4B	880	881	1
TTTY4	TTTY4C	880	882	1
TTTY4B	TTTY4C	881	882	1
HSFY1P1	LYZL1	240	403	0.809666020957818
FOXI3	KRTAP3-3	183	302	0.809156093018381
CIDEA	DEFB135	89	134	0.808433178715046
CIDEA	LRRC3-AS1	89	398	0.808433178715046
C9orf53	PLA2G2E	60	716	0.807286419767495
C9orf53	MIR4427	60	501	0.807286419767495
C9orf53	MIR4472-1	60	504	0.807286419767495
MIR3692	SERPINA13P	477	775	0.765374488816862
LOC340094	MIR1243	379	424	0.805923001690309
DRGX	SCGB2A2	143	768	0.805532427586072
DEFB4A	PDZK1IP1	135	708	0.805457304086539
PDZK1IP1	TTTY22	708	878	0.805457304086539
BPIFA3	PDZK1IP1	33	708	0.805457304086539
LINC00359	PDZK1IP1	336	708	0.805457304086539
OR1L3	PDZK1IP1	621	708	0.743215983830244
CCL8	MARCO	76	410	0.805039004579126
CCL8	KRT9	76	283	0.805039004579126
KRTAP19-8	LOC286238	296	374	0.802241150815189
KRTAP19-8	MIR433	296	500	0.802241150815189
DEFB104A	DEFB104B	124	125	1
GIP	OPN1MW2	193	600	0.800894253902313
FAM187B	POU1F1	159	718	0.799878195783092
MIR548F4	POU1F1	543	718	0.799878195783092
LOC732275	MRGPRX2	395	577	0.798982879236195
BPIFA4P	LOC732275	34	395	0.798982879236195
CPSF4L	LOC732275	102	395	0.798982879236195
CDRT15P2	PRKACG	82	731	0.79887075825939
MIR592	PRKACG	553	731	0.79887075825939
KRT16P3	PRKACG	270	731	0.717666938075287
GP9	MIR4306	200	494	0.795995736773258
KRTAP10-3	SGK110	286	782	0.794728227883634
BPIFA2	OR13F1	32	612	0.746007665643769
GNGT1	KRT85	197	282	0.792897817682745
GNGT1	LOC286442	197	375	0.792897817682745
GNGT1	LINC00332	197	334	0.792897817682745
GNGT1	MIR190A	197	441	0.792897817682745
AMY1C	GNGT1	14	197	0.718592842793683
TTTY2	TTTY7B	877	884	0.792595736922278
TTTY1	TTTY2	873	877	0.999566756075475
TTTY2B	TTTY7B	879	884	0.792595736922278
TTTY1	TTTY2B	873	879	0.999566756075475
TTTY2	TTTY2B	877	879	1
GNGT2	KRT85	198	282	0.792494410992344
GNGT2	LOC286442	198	375	0.792494410992344
GNGT2	LINC00332	198	334	0.792494410992344
GNGT2	MIR190A	198	441	0.792494410992344
AMY1C	GNGT2	14	198	0.718227084450437
CABP2	MIR3155A	62	455	0.792452208807683
ALPPL2	CDX1	10	84	0.792003055912978
C10orf91	CDX1	43	84	0.792003055912978
CD300C	CDX1	79	84	0.792003055912978
CDX1	HLA-DQA2	84	226	0.792003055912978
CDX1	MIR663B	84	564	0.792003055912978
CDX1	MOGAT2	84	574	0.792003055912978
CDX1	OR4E2	84	643	0.792003055912978
CDX1	OR4K13	84	645	0.792003055912978
CDX1	OR6Y1	84	682	0.792003055912978
CDX1	PCGEM1	84	705	0.792003055912978
AA06	CDX1	1	84	0.792003055912978
CDX1	KRTAP3-1	84	301	0.792003055912978
CDX1	MIR378C	84	478	0.792003055912978
CDX1	NR0B2	84	594	0.792003055912978
CDX1	OR2Y1	84	635	0.792003055912978
CDX1	OR3A3	84	638	0.792003055912978
CDX1	SERPINA5	84	776	0.792003055912978
MIR450A2	OR6C68	510	673	0.791166370538652
CASP12	FEZF1-AS1	67	174	0.763693161693125
ACTRT2	HOXB8	7	234	0.789748169922441
CELA3B	MIR412	86	486	0.788117145040813
CELA3B	MIR889	86	566	0.788117145040813
B4GALNT2	IFNA14	23	245	0.708462216767404
IL36G	LINC00651	257	344	0.784051226572435
EXOC3L4	IL36G	154	257	0.722855218317303
BTNL3	MIR16-1	41	436	0.783071331866887
BTNL3	P2RX2	41	696	0.783071331866887
BTNL3	PRG3	41	730	0.783071331866887
DEFB110	OR52R1	128	661	0.782870977783694
GIMD1	OR52R1	192	661	0.782870977783694
OR52R1	SNORD36C	661	813	0.782870977783694
OR52R1	SIGLEC6	661	785	0.769277022763636
MYF6	OR52R1	582	661	0.732636464730923
MIR3179-1	MIR650	457	562	0.781693189779295
MIR3179-2	MIR650	458	562	0.781693189779295
MIR3179-1	MIR3179-2	457	458	1
MIR3179-3	MIR650	459	562	0.781693189779295
MIR3179-1	MIR3179-3	457	459	1
MIR3179-2	MIR3179-3	458	459	1
MIR502	OR10G2	532	601	0.781170546983779
LCN1	MIR23C	321	449	0.780574894230844
LCN1	LOC440925	321	385	0.767155244653851
MIR3684	UGT1A1	476	891	0.780505372092013
MIR335	MIR3684	467	476	0.780505372092013
MIR3684	PRAMEF13	476	723	0.780505372092013
HOXB8	LOC646268	234	389	0.780436594257435
C20orf85	MT1DP	53	580	0.780109492387906
FOLR4	KCNAB1-AS2	182	259	0.779534688299639
FOLR4	MIR3609	182	469	0.779534688299639
LCE2D	MRGPRX2	318	577	0.778178605215977
BPIFA4P	LCE2D	34	318	0.778178605215978
CPSF4L	LCE2D	102	318	0.778178605215977
KRTAP29-1	SMR3A	300	798	0.777661758730772
CYP4B1	SPRR2D	117	830	0.777595748653026
GAGE7	SPRR2D	187	830	0.777595748653026
MB	OR5AR1	412	666	0.776374267327008
KRTAP11-1	OR5AR1	291	666	0.776374267327008
MIR514A1	OR5AR1	535	666	0.776374267327008
OR5AR1	SERPINB12	666	779	0.776374267327008
OR5AR1	SPDYE4	666	827	0.776374267327008
HNF1B	OR5AR1	227	666	0.740966017328154
LCE3C	OR14J1	319	614	0.775811751304824
KRTAP29-1	LOC100507003	300	356	0.774188349770693
FAM47B	LINC00229	166	331	0.746992307243673
MIR18A	MIR563	440	546	0.7734790649492
HS3ST6	MIR563	238	546	0.739436870589809
KRTAP29-1	MC3R	300	416	0.772820121776144
DEFB110	GKN2	128	196	0.772696573776073
GIMD1	GKN2	192	196	0.772696573776073
GKN2	SNORD36C	196	813	0.772696573776073
GKN2	SIGLEC6	196	785	0.759277592783396
GKN2	MYF6	196	582	0.72311169620552
DHRS7C	TNP2	136	861	0.770949195416066
DEFB135	MIR1226	134	423	0.770481623404806
LRRC3-AS1	MIR1226	398	423	0.770481623404806
C5orf58	FDCSP	56	172	0.770382749796172
FDCSP	TNFRSF18	172	859	0.770382749796172
FDCSP	SPATA3	172	825	0.770382749796172
OR4D5	PLA2G2E	640	716	0.770097934325664
MIR4427	OR4D5	501	640	0.770097934325664
MIR4472-1	OR4D5	504	640	0.770097934325664
AMELX	LINC00651	11	344	0.769258380675383
AMELX	EXOC3L4	11	154	0.709211833631742
MIR497	SUN5	530	838	0.76780620075945
MBD3L4	MBD3L5	414	415	1
MIR130A	MIR29B2	428	451	0.765375924735113
AMTN	KRTAP10-6	13	289	0.764455120231403
KRTAP10-6	TAS2R38	289	844	0.764455120231403
CSN2	SNORD116-11	112	808	0.764164294143252
AMTN	MFSD6L	13	417	0.76263548069649
MFSD6L	TAS2R38	417	844	0.76263548069649
KRTAP8-1	MIR4256	312	488	0.761895944987387
IFNA22P	MIR499A	247	531	0.761799439929049
CSH2	GAGE2C	109	186	0.760154241530381
GAGE2C	SPAG11A	186	823	0.760154241530381
GAGE2C	KRTAP4-4	186	305	0.760154241530381
GAGE2C	LOC100287534	186	352	0.760154241530381
GAGE2C	MIR33B	186	468	0.760154241530382
GAGE2C	OR6N2	186	679	0.760154241530381
GAGE2C	S100Z	186	765	0.709008088942191
KRTAP4-2	MIR3939	304	483	0.760070990158717
ELANE	PAR4	151	702	0.759230143123454
MIR32	TLX3	462	854	0.759159179012118
FEZF1-AS1	MIR4777	174	525	0.733413934221832
FMO9P	VPREB1	181	905	0.757410522710172
TTTY12	TTTY13	875	876	0.757347023947054
TTTY12	TTTY5	875	883	0.757347023947054
TTTY12	TTTY8	875	885	0.757347023947054
TTTY12	TTTY8B	875	886	0.757347023947054
MIR4789	TTTY12	527	875	0.757347023947054
SPO11	TTTY12	829	875	0.757347023947054
TBL1Y	TTTY12	846	875	0.757347023947054
ITLN2	SNORD121A	258	810	0.754500331341578
LINC00111	VAV3-AS1	326	902	0.753762444313012
CSAG1	VAV3-AS1	106	902	0.753762444313012
SYNPR-AS1	TTTY7B	839	884	0.752660846333313
LRRC3C	MIR4707	399	517	0.752241024509769
DEFB121	MIR569	130	549	0.751881683451016
DEFB121	LINC00207	130	329	0.751881683451016
C8orf87	MIR3675	59	474	0.751800696044406
PRL	SLFN12L	732	795	0.751412610800202
CDRT7	MIR569	83	549	0.75120804307668
CDRT7	LINC00207	83	329	0.75120804307668
KRTAP19-1	TNP2	294	861	0.750665032812139
OR1S1	TTTY13	623	876	0.749427053503894
OR1S1	TTTY5	623	883	0.749427053503894
OR1S1	TTTY8	623	885	0.749427053503894
OR1S1	TTTY8B	623	886	0.749427053503894
MIR4789	OR1S1	527	623	0.749427053503895
OR1S1	SPO11	623	829	0.749427053503895
OR1S1	TBL1Y	623	846	0.749427053503895
OR2A14	PRDM13	625	727	0.708865484021399
MIR412	TAAR8	486	843	0.747968090907351
MIR889	TAAR8	566	843	0.747968090907351
IL17F	MIR4271	251	490	0.747525104440374
FEZF1-AS1	SLAMF1	174	788	0.722207008627376
C1orf64	MIR4640	51	516	0.746390622727102
CSH1	PF4V1	108	709	0.746368703320497
MAGEA10-MAGEA5	PF4V1	406	709	0.746368703320497
GUCA2A	HOXB-AS5	211	231	0.745136242502727
GUCA2A	MIR211	211	447	0.745136242502727
GUCA2A	OR51G2	211	653	0.745136242502727
GUCA2A	MIR642B	211	561	0.745136242502727
GUCA2A	SULT6B1	211	837	0.745136242502727
MIR16-1	PNLIPRP3	436	717	0.743462541783491
P2RX2	PNLIPRP3	696	717	0.743462541783491
PNLIPRP3	PRG3	717	730	0.743462541783491
LOC388813	OR6C70	382	674	0.743088235834007
MYADML	OR10G4	581	602	0.742699674885937
MIR150	MIR4307	435	495	0.742551828666614
MIR4307	TRPC2	495	869	0.742551828666614
LOC286238	MIR1179	374	420	0.742497119574678
MIR1179	MIR433	420	500	0.742497119574678
MIR105-2	TEX13A	419	847	0.742137415514962
BHLHA9	TEX13A	28	847	0.742137415514962
DCD	FGF22	120	176	0.742122865425182
DCD	LACRT	120	315	0.992594302513362
PLA2G2E	SDC4P	716	771	0.740918505359519
MIR4427	SDC4P	501	771	0.740918505359519
MIR4472-1	SDC4P	504	771	0.740918505359519
KRT85	MIR3913-2	282	482	0.738911307195072
LOC286442	MIR3913-2	375	482	0.738911307195072
LINC00332	MIR3913-2	334	482	0.738911307195072
MIR190A	MIR3913-2	441	482	0.738911307195072
CYP4B1	TRIML2	117	868	0.73757528116735
GAGE7	TRIML2	187	868	0.73757528116735
MIR3202-1	OR6S1	463	680	0.73605145174835
DEFB118	OR6S1	129	680	0.73605145174835
KRTAP9-9	ZFX-AS1	314	914	0.735912940542547
OR4N4	ZFX-AS1	647	914	0.714002138817622
KRTAP6-3	UGT1A5	311	894	0.735008797019473
C9orf92	MIR16-1	61	436	0.732288030521779
C9orf92	P2RX2	61	696	0.732288030521779
C9orf92	PRG3	61	730	0.732288030521779
CCL15	CLC	71	90	0.732219217687408
CCL15	DEFB128	71	132	0.732219217687408
CCL15	LINC00112	71	327	0.732219217687408
CCL15	MIR519A1	71	539	0.732219217687408
CCL15	MIR522	71	541	0.732219217687408
CCL15	LOC150185	71	362	0.732219217687408
CCL15	XAGE2B	71	911	0.732219217687408
MIR4524B	RNASE8	512	757	0.731569675637883
FAM3D	SULT1B1	163	836	0.730665839199281
ARL14	MIR194-1	18	443	0.730165804178469
LINC00029	MSMB	325	579	0.729846958020325
BSPH1	LINC00029	39	325	0.729846958020325
LOC254099	PRM3	366	734	0.72892213716607
PRM3	SMIM2-IT1	734	797	0.72892213716607
MIR3121	OR4X2	454	650	0.727873709745649
HBBP1	OR4X2	221	650	0.727873709745649
MIR384	UGT1A1	480	891	0.725297028175843
MIR335	MIR384	467	480	0.725297028175843
MIR384	PRAMEF13	480	723	0.725297028175843
CETN1	SCGB2A1	87	767	0.724669587612743
MIR4741	PAEP	519	700	0.724165243021256
CRLF2	LINC00208	104	330	0.703088144918588
GRP	KIR3DL2	207	262	0.721981902747844
CGB8	MIR18A	88	440	0.721536351142993
LOC254099	PDX1	366	707	0.721492294408713
PDX1	SMIM2-IT1	707	797	0.721492294408713
MIR491	TTLL10	529	872	0.720189632216826
MIR4305	SERPINA9	493	778	0.719193013459052
MIR4305	MIR548J	493	544	0.719193013459052
MIR4305	REG1B	493	751	0.719193013459052
IL22	SNORD91B	254	820	0.71601095050451
MIR3620	SNORD113-5	470	803	0.714695075467577
KRTAP27-1	MIR1243	299	424	0.713511938617343
FOXI3	LOC643441	183	387	0.713295632661652
MIR4798	MIR572	528	551	0.701341543231975
MIR16-1	TEX36	436	849	0.701784616771197
P2RX2	TEX36	696	849	0.701784616771197
PRG3	TEX36	730	849	0.701784616771197
MIR4751	MIR4770	521	524	0.701799995592527
SERPINA7	TTTY7B	777	884	0.711524122362279
LRRC2-AS1	SERPINA7	397	777	0.702346489125029
MIR449B	SERPINA7	509	777	0.702346489125029
OR52E4	SERPINA7	657	777	0.702346489125029
ASGR2	ATP6V0CP3	20	21	0.711427888139029
ASGR2	MIR627	20	558	0.702443966384748
ASGR2	OR9Q2	20	691	0.702443966384748
ASGR2	MIR3660	20	472	0.711427888139029
CLC	KRTAP19-4	90	295	0.702700824541481
DEFB128	KRTAP19-4	132	295	0.702700824541481
KRTAP19-4	LINC00112	295	327	0.702700824541481
KRTAP19-4	MIR519A1	295	539	0.702700824541481
KRTAP19-4	MIR522	295	541	0.702700824541481
KRTAP19-4	LOC150185	295	362	0.702700824541481
KRTAP19-4	SNORD82	295	819	0.711174179210282
KRTAP19-4	XAGE2B	295	911	0.702700824541481
KLK11	MIR569	263	549	0.710219145033039
KLK11	LINC00207	263	329	0.710219145033039
IGSF23	LCE2C	250	317	0.704053247352918
GSTA3	SERPINA9	208	778	0.704213289928025
GSTA3	MIR548J	208	544	0.704213289928025
GSTA3	REG1B	208	751	0.704213289928025
KRT85	PRSS56	282	738	0.709663850473505
LOC286442	PRSS56	375	738	0.709663850473505
LINC00332	PRSS56	334	738	0.709663850473505
LOC100505622	PRSS56	355	738	0.704226073519324
MIR190A	PRSS56	441	738	0.709663850473505
DEFB4A	TPPP2	135	862	0.704420348072974
TPPP2	TTTY22	862	878	0.704420348072974
BPIFA3	TPPP2	33	862	0.704420348072974
LINC00359	TPPP2	336	862	0.704420348072974
MIR3976	MIR618	485	557	0.708931094939995
MIR618	SNORD116-29	557	809	0.708931094939995
AMTN	DSCR4	13	144	0.705411264185452
DSCR4	TAS2R38	144	844	0.705411264185452
BATF	SNORD18C	26	811	0.706257633085172
MIR3192	SNORD18C	460	811	0.706257633085172
GDF3	MIR4295	189	492	0.706494642381166
LOC100507205	MIR4295	357	492	0.707405435982539
LOC158376	MIR4295	364	492	0.706494642381166
MIR4295	MIR553	492	545	0.706494642381166
FLI1-AS1	OR4P4	179	649	0.706689654937024
MIR181C	OR4P4	438	649	0.706689654937024
MIR183	OR4P4	439	649	0.706689654937024
MIR3649	OR4P4	471	649	0.706689654937024
MIR130B	MIR301B	429	452	0.706901258831397
ALPPL2	MBD3L2	10	413	0.728432519974471
C10orf91	MBD3L2	43	413	0.728432519974471
CD300C	MBD3L2	79	413	0.728432519974471
HLA-DQA2	MBD3L2	226	413	0.728432519974471
MBD3L2	MIR663B	413	564	0.728432519974471
MBD3L2	MOGAT2	413	574	0.728432519974471
MBD3L2	OR4E2	413	643	0.728432519974471
MBD3L2	OR4K13	413	645	0.728432519974471
MBD3L2	OR6Y1	413	682	0.728432519974471
MBD3L2	PCGEM1	413	705	0.728432519974471
AA06	MBD3L2	1	413	0.728432519974471
KRTAP3-1	MBD3L2	301	413	0.728432519974471
MBD3L2	MIR378C	413	478	0.728432519974471
MBD3L2	NR0B2	413	594	0.728432519974471
MBD3L2	OR2Y1	413	635	0.728432519974471
MBD3L2	OR3A3	413	638	0.728432519974471
MBD3L2	SERPINA5	413	776	0.728432519974471
IFNA7	ST8SIA6-AS1	248	834	0.923971922901871
BARX1	FOXI3	25	183	0.887739574677516
BARX1	OR6C74	25	675	0.766839133566244
BARX1	KRTAP3-3	25	302	0.718177072110322
CLEC4M	LINC00651	93	344	0.933047247539728
CLEC4M	EXOC3L4	93	154	0.860261909044512
CLEC4M	IL36G	93	257	0.7314178009116
AMELX	CLEC4M	11	93	0.717611290562386
POU4F3	RNY5	719	762	0.914322054155644
OR6K6	POU4F3	677	719	0.825879024322046
C16orf78	IL22RA1	45	255	0.9319083078631
C1orf68	IL22RA1	52	255	0.791960647172502
MIR1243	UGT1A9	424	895	0.890384007811546
LOC340094	UGT1A9	379	895	0.717434094985357
C6orf222	HOXB-AS5	57	231	0.940194093687474
C6orf222	MIR211	57	447	0.940194093687474
C6orf222	OR51G2	57	653	0.940194093687474
C6orf222	MIR642B	57	561	0.940194093687474
C6orf222	SULT6B1	57	837	0.940194093687474
C6orf222	OR56A3	57	662	0.765894942177902
C6orf222	GUCA2A	57	211	0.700415785441397
AMN	SCGB1D2	12	766	0.919317649185934
C11orf21	MIR642A	44	560	0.920152807778309
KRT85	SIT1	282	786	0.892540527213627
LOC286442	SIT1	375	786	0.892540527213627
LINC00332	SIT1	334	786	0.892540527213627
MIR190A	SIT1	441	786	0.892540527213627
AMY1C	SIT1	14	786	0.808915607810963
FLJ41350	SIT1	180	786	0.764009476157984
NEU2	SIT1	588	786	0.754090374047702
SIT1	SMR3B	786	799	0.751659761223979
GNGT1	SIT1	197	786	0.707534057098895
GNGT2	SIT1	198	786	0.70717386307875
FATE1	TEX13B	170	848	0.838414404271635
EDDM3B	OR10G9	150	603	0.91319624712718
KIF2B	OR10G9	261	603	0.91319624712718
BDKRB1	STOML3	27	835	0.830761331492969
MAGEA5	RBMXL2	408	744	0.905942358102692
MSMB	TUBA4B	579	889	0.906995715734933
BSPH1	TUBA4B	39	889	0.906995715734933
OR5D13	TUBA4B	668	889	0.795142909909621
MIR891B	VN1R4	567	903	0.835593728965688
PAGE5	VN1R4	701	903	0.835593728965688
C20orf85	MAGEA1	53	405	0.889263637961068
C1orf200	LOC100507334	50	358	0.894868391786453
KRT85	KRTAP9-1	282	313	0.889462708523282
KRTAP9-1	LOC286442	313	375	0.889462708523282
KRTAP9-1	LINC00332	313	334	0.889462708523282
KRTAP9-1	MIR190A	313	441	0.889462708523282
AMY1C	KRTAP9-1	14	313	0.906818017738666
FLJ41350	KRTAP9-1	180	313	0.761365704781036
KRTAP9-1	NEU2	313	588	0.751480488335603
KRTAP9-1	SMR3B	313	799	0.749058181220669
GNGT1	KRTAP9-1	197	313	0.705083389599983
GNGT2	KRTAP9-1	198	313	0.704724428350128
KRTAP9-1	SIT1	313	786	0.793717161308919
MIR650	OR1Q1	562	622	0.893894972492449
MIR650	WNT8A	562	908	0.892204015496107
OR1Q1	WNT8A	622	908	0.797361874048934
LOC344887	PDE6H	380	706	0.74820017106733
IFNA21	LOC344887	246	380	0.708437165132231
HOXC13	SSTR4	235	833	0.818680676664531
KRT79	SSTR4	280	833	0.769692817950462
APOBEC1	OR5P2	16	669	0.876335678381452
OR4D6	OR5P2	641	669	0.876335678381452
KRT32	KRT36	273	274	0.805804418531176
KRT85	OR7C2	282	683	0.862783460311078
LOC286442	OR7C2	375	683	0.862783460311078
LINC00332	OR7C2	334	683	0.862783460311078
MIR190A	OR7C2	441	683	0.862783460311078
AMY1C	OR7C2	14	683	0.781924188290649
FLJ41350	OR7C2	180	683	0.738510212989113
NEU2	OR7C2	588	683	0.728920858577098
OR7C2	SMR3B	683	799	0.726571055019906
OR7C2	SIT1	683	786	0.769888661518263
KRTAP9-1	OR7C2	313	683	0.767221534696796
CLEC4F	HOXB-AS5	92	231	0.78013740245057
CLEC4F	MIR211	92	447	0.78013740245057
CLEC4F	OR51G2	92	653	0.78013740245057
CLEC4F	MIR642B	92	561	0.78013740245057
CLEC4F	SULT6B1	92	837	0.78013740245057
C6orf222	CLEC4F	57	92	0.753319538733873
FGF6	KRT85	178	282	0.807824836051502
FGF6	LOC286442	178	375	0.807824836051502
FGF6	LINC00332	178	334	0.807824836051502
FGF6	MIR190A	178	441	0.807824836051502
AMY1C	FGF6	14	178	0.732097623282704
FGF6	SIT1	178	786	0.720821347786522
FGF6	KRTAP9-1	178	313	0.7183224382209
HNF4A	KRT85	228	282	0.896985852967723
HNF4A	LOC286442	228	375	0.896985852967723
HNF4A	LINC00332	228	334	0.896985852967723
HNF4A	MIR190A	228	441	0.896985852967723
AMY1C	HNF4A	14	228	0.812931066322014
FLJ41350	HNF4A	180	228	0.76779829044436
HNF4A	NEU2	228	588	0.757829216977606
HNF4A	SMR3B	228	799	0.755386362988428
GNGT1	HNF4A	197	228	0.711038661685081
GNGT2	HNF4A	198	228	0.710676657101231
HNF4A	SIT1	228	786	0.800422366296276
HNF4A	KRTAP9-1	228	313	0.797650401435218
HNF4A	OR7C2	228	683	0.77370126353746
FGF6	HNF4A	178	228	0.724387811772154
NKX2-6	NUP210P1	591	596	0.814512004766745
HBA1	HBA2	219	220	0.733957212431227
AMTN	SERPINA12	13	774	0.827407956287792
SERPINA12	TAS2R38	774	844	0.827407956287792
SNORD108	SNORD92	802	821	0.766974633895853
SNORD108	VTRNA1-3	802	906	0.766974633895853
LRRC2-AS1	OR10S1	397	606	0.731557907485816
MIR449B	OR10S1	509	606	0.731557907485816
OR10S1	OR52E4	606	657	0.731557907485816
HOXB-AS3	HOXB7	230	233	0.730934577900275
FAM187B	REG1P	159	752	0.920325709676757
MIR548F4	REG1P	543	752	0.920325709676757
POU1F1	REG1P	718	752	0.735974425673222
KLK12	OR4K1	264	644	0.853925681215988
GJA10	OR4K1	194	644	0.802093740417435
OR1F2P	OR56B1	618	663	0.831302634665388
CNR2	KRTAP1-4	98	284	0.789472349212292
CNR2	OR1A2	98	615	0.789472349212292
LINC00563	LOC100287834	342	354	0.857564908883778
LOC100287704	LOC100287834	353	354	0.857564908883778
CDA	LOC100287834	81	354	0.857564908883779
DLX2	MIR502	138	532	0.731467730593642
PLA2G2E	PSORS1C2	716	740	0.851019632712875
MIR4427	PSORS1C2	501	740	0.851019632712875
MIR4472-1	PSORS1C2	504	740	0.851019632712875
MIR502	SERPINB3	532	780	0.841083847181137
KRT25	LCE3C	271	319	0.852259193175153
KRT25	SPRR2G	271	832	0.739901465007774
LOC100507334	MRGPRD	358	576	0.83660683803299
C1orf200	MRGPRD	50	576	0.748444885665991
LINC00162	LOC339822	328	377	0.848426314986871
LINC00499	LY96	341	402	0.849088623787447
MRGPRX2	TRIM10	577	867	0.754261480777989
BPIFA4P	TRIM10	34	867	0.754261480777989
CPSF4L	TRIM10	102	867	0.754261480777989
APOA5	OR51M1	15	655	0.814120073491089
MIR18A	OR2G6	440	630	0.798168380462281
HS3ST6	OR2G6	238	630	0.835551335955404
BOD1L2	KRT36	30	274	0.75483816721771
BOD1L2	KRT32	30	273	0.726213349037341
C19orf59	LINC00563	48	342	0.71353257831605
C19orf59	LOC100287704	48	353	0.71353257831605
C19orf59	CDA	48	81	0.71353257831605
MSMB	PLA2G2D	579	715	0.83572309609311
BSPH1	PLA2G2D	39	715	0.83572309609311
OR5D13	PLA2G2D	668	715	0.732613947474313
PLA2G2D	TUBA4B	715	889	0.757797273400191
OR2T2	SLC17A7	631	790	0.794319825282641
KRTAP21-2	RBBP8NL	298	743	0.834112820118629
LCE1F	RBBP8NL	316	743	0.834112820118629
MIR432	RBBP8NL	498	743	0.834112820118629
COLEC10	OR52M1	100	658	0.736970296262051
LOC286135	OR3A1	373	636	0.761203576442364
LOC100507362	ODAM	359	598	0.764042449156826
LOC100507362	XPNPEP2	359	912	0.709621325992076
CYP4B1	FAM26D	117	162	0.827994779681957
FAM26D	GAGE7	162	187	0.827994779681957
C19orf33	DNAJB8-AS1	47	141	0.746980979716407
C7orf34	SDR42E1	58	772	0.759891927233248
C20orf85	HTR3D	53	243	0.835825841768649
HTR3D	MAGEA1	243	405	0.74305395351896
TPRX1	TWIST2	863	890	0.743064380820882
MRGPRX2	OR2T35	577	632	0.732846603885072
BPIFA4P	OR2T35	34	632	0.732846603885072
CPSF4L	OR2T35	102	632	0.732846603885072
CSH2	LIPM	109	346	0.833746877399097
LIPM	SPAG11A	346	823	0.833746877399097
KRTAP4-4	LIPM	305	346	0.833746877399097
LIPM	LOC100287534	346	352	0.833746877399097
LIPM	MIR33B	346	468	0.833746877399097
LIPM	OR6N2	346	679	0.833746877399097
LIPM	S100Z	346	765	0.777638472840538
CSH2	OR6C3	109	671	0.787522139085302
OR6C3	SPAG11A	671	823	0.787522139085302
KRTAP4-4	OR6C3	305	671	0.787522139085302
LOC100287534	OR6C3	352	671	0.787522139085302
MIR33B	OR6C3	468	671	0.787522139085302
OR6C3	OR6N2	671	679	0.787522139085302
OR6C3	S100Z	671	765	0.73451010317773
GPR33	LY86	204	401	0.817573344163707
LINC00424	LY86	337	401	0.817573344163707
KRTAP2-2	LY86	297	401	0.817573344163707
MARCO	OR2W5	410	634	0.801318711181603
KRT9	OR2W5	283	634	0.801318711181603
FAM83F	MIR569	167	549	0.778298000659902
FAM83F	LINC00207	167	329	0.778298000659902
CARD17	LINC00651	65	344	0.710558494855268
CSH2	TAAR5	109	842	0.767336433654561
SPAG11A	TAAR5	823	842	0.767336433654562
KRTAP4-4	TAAR5	305	842	0.767336433654562
LOC100287534	TAAR5	352	842	0.767336433654561
MIR33B	TAAR5	468	842	0.767336433654562
OR6N2	TAAR5	679	842	0.767336433654561
S100Z	TAAR5	765	842	0.715675758398571
OR52N2	SERPINA9	660	778	0.702717077328032
MIR548J	OR52N2	544	660	0.702717077328032
OR52N2	REG1B	660	751	0.702717077328032
PRSS1	TTTY13	735	876	0.827758488533618
PRSS1	TTTY5	735	883	0.827758488533618
PRSS1	TTTY8	735	885	0.827758488533618
PRSS1	TTTY8B	735	886	0.827758488533618
MIR4789	PRSS1	527	735	0.827758488533618
PRSS1	SPO11	735	829	0.827758488533618
PRSS1	TBL1Y	735	846	0.827758488533618
PRSS1	TTTY11	735	874	0.762268633913697
OR1S1	PRSS1	623	735	0.873939206025126
LOC731779	NKX3-2	394	592	0.752739195265905
OR9G1	SERPINA9	688	778	0.814618447278313
MIR548J	OR9G1	544	688	0.814618447278313
OR9G1	REG1B	688	751	0.814618447278313
OR9G9	SERPINA9	689	778	0.814618447278313
MIR548J	OR9G9	544	689	0.814618447278313
OR9G9	REG1B	689	751	0.814618447278313
OR9G1	OR9G9	688	689	1
LOC100507205	LOC149950	357	361	0.824238436737913
ATP6V0CP3	MAS1L	21	411	0.763664854538639
MAS1L	MIR3660	411	472	0.763664854538639
LOC284080	TNP2	369	861	0.750361043756106
MIR4526	OR6N1	513	678	0.752744451364923
NCR3	OR6N1	587	678	0.752744451364923
LINC00651	TBC1D21	344	845	0.750918030940661
CLEC4M	TBC1D21	93	845	0.700445939691954
FABP9	OR1G1	155	619	0.82142999883138
MIR548A1	OR1G1	542	619	0.82142999883138
DEFB125	MIR502	131	532	0.814099189608172
BMP15	KRT83	29	281	0.750575845545146
LOC339568	MIR150	376	435	0.807622494799962
LOC339568	TRPC2	376	869	0.807622494799962
DNMT3L	LOC339568	142	376	0.70883699056074
CLEC9A	MIR3202-1	95	463	0.811662836492691
CLEC9A	DEFB118	95	129	0.811662836492691
CLEC9A	OR51G1	95	652	0.718257428297779
AMTN	SLC17A2	13	789	0.765333961006574
SLC17A2	TAS2R38	789	844	0.765333961006574
CCDC155	PLA2G2E	69	716	0.773317475544154
CCDC155	MIR4427	69	501	0.773317475544154
CCDC155	MIR4472-1	69	504	0.773317475544154
DEFB110	EMCN-IT3	128	152	0.8159914393148
EMCN-IT3	GIMD1	152	192	0.8159914393148
EMCN-IT3	SNORD36C	152	813	0.8159914393148
EMCN-IT3	SIGLEC6	152	785	0.801808527146043
EMCN-IT3	MYF6	152	582	0.763605359843976
AWAT1	SLC25A3P1	22	793	0.741917567309491
CAMP	KRTAP4-7	63	308	0.752030258365753
KRTAP4-7	MIR4760	308	522	0.752030258365753
KRTAP4-7	MIR941-2	308	568	0.752030258365753
ACTL9	KRT85	5	282	0.754561566220063
ACTL9	LOC286442	5	375	0.754561566220063
ACTL9	LINC00332	5	334	0.754561566220063
ACTL9	MIR190A	5	441	0.754561566220064
LOC286238	OR11H6	374	610	0.779713185858946
MIR433	OR11H6	500	610	0.779713185858946
OR14I1	P2RY10	613	698	0.707812261101649
KRT85	PRSS58	282	739	0.7775478336444
LOC286442	PRSS58	375	739	0.7775478336444
LINC00332	PRSS58	334	739	0.7775478336444
MIR190A	PRSS58	441	739	0.7775478336444
AMY1C	PRSS58	14	739	0.70463170852047
MIR3193	TSPAN16	461	870	0.724813940652597
LYZL4	PRDM9	404	728	0.799331013726659
MIR3169	MIR941-3	456	569	0.740786354212745
MIR941-3	OR10V1	569	608	0.740786354212746
MIR891B	PRAMEF21	567	726	0.742451943659084
PAGE5	PRAMEF21	701	726	0.742451943659084
C20orf85	DEFB129	53	133	0.794249200508253
DEFB129	MAGEA1	133	405	0.706059340227606
ACSM2B	C5orf58	3	56	0.795680711083795
ACSM2B	TNFRSF18	3	859	0.795680711083795
ACSM2B	SPATA3	3	825	0.795680711083795
BMP15	IL21	29	253	0.728071434992425
CEBPE	TMEM95	85	857	0.710435927804895
MIR1224	TMCO5B	422	856	0.769618929151954
MIR3074	TMCO5B	453	856	0.769618929151954
MRGPRX2	SLC6A18	577	794	0.791887317041721
BPIFA4P	SLC6A18	34	794	0.791887317041721
CPSF4L	SLC6A18	102	794	0.791887317041721
CD200R1L	MIR569	78	549	0.730732272147962
CD200R1L	LINC00207	78	329	0.730732272147962
OR9I1	TTTY13	690	876	0.777555568385796
OR9I1	TTTY5	690	883	0.777555568385796
OR9I1	TTTY8	690	885	0.777555568385796
OR9I1	TTTY8B	690	886	0.777555568385796
MIR4789	OR9I1	527	690	0.777555568385796
OR9I1	SPO11	690	829	0.777555568385796
OR9I1	TBL1Y	690	846	0.777555568385796
OR9I1	TTTY11	690	874	0.716014622823436
LOC344887	OR1D4	380	617	0.751943770966294
IL3	TSPY4	256	871	0.741981777271091
LRRC2-AS1	OR9A4	397	687	0.728369849626274
MIR449B	OR9A4	509	687	0.728369849626274
OR52E4	OR9A4	657	687	0.728369849626274
CLEC6A	SNORD37	94	814	0.784834699198789
CLEC6A	GSTA5	94	209	0.784834699198789
FAM47B	HBD	166	222	0.707218626009533
OR10G4	OR2G3	602	629	0.779082235657333
LOC284661	MIR4473	370	506	0.89228383335402
HAND2	LOC442497	217	386	0.703417640990906
DEFB107A	SUN5	126	838	0.70612629152344
DEFB107B	SUN5	127	838	0.70612629152344
DEFB107A	DEFB107B	126	127	1
SNORD82	TRAT1	819	864	0.835067757421248
PRAMEF18	PRAMEF19	724	725	1
CCL19	FOXI3	73	183	0.76664624867926
CBLC	SNORD58B	68	815	0.770635512836233
PITX2	SUN5	714	838	0.880026837342825
CRYGB	LOC344887	105	380	0.728234761844185
LY6G6E	ST8SIA6-AS1	400	834	0.705605172569235
LRRC2-AS1	OR51T1	397	656	0.7404587066746
MIR449B	OR51T1	509	656	0.7404587066746
OR51T1	OR52E4	656	657	0.7404587066746
C20orf85	PPP1R2P9	53	721	0.705170889206654
KRT16P1	MIR3907	269	481	0.754100490935347
KRT16P1	SNORD114-20	269	804	0.754100490935347
GPR101	KRT16P1	202	269	0.722084581107727
HHEX	KRT16P1	225	269	0.758058826588699
KRT85	OR1B1	282	616	0.750178322541922
LOC286442	OR1B1	375	616	0.750178322541922
LINC00332	OR1B1	334	616	0.750178322541922
MIR190A	OR1B1	441	616	0.750178322541922
LOC1720	MAGEA2	365	407	0.848351951067524
CD177	MIR4472-2	77	505	0.745650351417779
KRT39	MIR3193	275	461	0.848246629195775
BPESC1	MIR577	31	552	0.737231739770822
USP17L11	USP17L18	896	898	0.990409594078768
COL18A1-AS2	PLA2G2E	99	716	0.728258614467949
COL18A1-AS2	MIR4427	99	501	0.728258614467949
COL18A1-AS2	MIR4472-1	99	504	0.728258614467949
LCE3C	LCE3D	319	320	0.735525644737
MIR21	SNORD32B	446	812	0.722702875724714
C17orf82	MIR142	46	432	0.727605610830595
MIR595	OR51L1	554	654	0.70843634575342
LINC00208	SNORA35	330	801	0.708803259520227
FOXI3	SLC22A25	183	792	0.707488539662706
CCL19	SLC22A25	73	792	0.750683107282101
USP17L12	USP17L19	897	899	0.768381779582119
USP17L19	USP17L21	899	900	0.768381779582119
USP17L12	USP17L21	897	900	1
CXCR3	ODAM	115	598	0.715066066695874
CXCR3	LOC100507362	115	359	0.75836743072069
FOXI3	LOC440117	183	384	0.70372519309296
MIR3907	WT1-AS	481	909	0.705983487936312
SNORD114-20	WT1-AS	804	909	0.705983487936312
KRT85	LOC400620	282	383	0.824791773872654
LOC286442	LOC400620	375	383	0.824791773872654
LINC00332	LOC400620	334	383	0.824791773872654
LOC400620	MIR190A	383	441	0.824791773872654
AMY1C	LOC400620	14	383	0.854955454846413
FLJ41350	LOC400620	180	383	0.705941386317439
LOC400620	SIT1	383	786	0.735931089268255
KRTAP9-1	LOC400620	313	383	0.794037330513338
LOC400620	OR7C2	383	683	0.711348936011329
HNF4A	LOC400620	228	383	0.739568700030991
KRT71	OR2T2	277	631	0.821281687101362
FAM197Y2	MIR5688	160	548	0.706931722426884
FAM197Y5	MIR5688	161	548	0.706931722426884
CDRT15P2	MIR3679	82	475	0.707213202289188
MIR3679	MIR592	475	553	0.707213202289188
OR6X1	SNORD32B	681	812	0.702700711478412
DCAF8L1	MIRLET7A1	119	571	0.849233303958424
OR4K17	OR4N5	646	648	0.707003418824342
HOXB-AS5	PRAC	231	722	0.711192636951919
MIR211	PRAC	447	722	0.711192636951919
OR51G2	PRAC	653	722	0.711192636951919
MIR642B	PRAC	561	722	0.711192636951919
PRAC	SULT6B1	722	837	0.711192636951919
HAND1	MIR4519	216	511	0.709081456443502
THBD	TM4SF5	852	855	0.780849548852107
PI3	SNORD7	712	816	0.700063268627875
FAM153B	MIR450A2	157	510	0.816351164267876
MIR1972-1	MIR1972-2	444	445	1
KRTAP19-8	LINC00489	296	340	0.7421806559157
DLX2	LCN8	138	322	0.845531615410857
SLC17A2	TMPRSS4-AS1	789	858	0.817580267287701
MIR514A2	MIR514A3	536	537	1
LINC00474	MIR4307	339	495	0.867860735473882
C1orf127	ZNRF4	49	915	0.861175944748071
NLRP7	SNORD116-1	593	807	0.841470763004619
LMX1A	OR2A12	347	624	0.758711244792038
BTLA	CDRT15P2	40	82	0.769025259157893
BTLA	MIR592	40	553	0.769025259157893
DEFA1	SPRR2E	121	831	0.755231013622043
DEFA1B	SPRR2E	122	831	0.755231013622043
PCDHB1	PPBP	704	720	0.925382420484041
RGL3	SLFN12L	754	795	0.820930673939479
MIR5685	OR8B12	547	684	0.797329560946956
MIR641	OR8B12	559	684	0.797329560946956
CCDC54	PGC	70	710	0.729884975215985
FAM153A	KRTAP12-1	156	292	0.799006449006058
EMR3	FAM153A	153	156	0.799006449006058
FAM153A	KRTAP12-2	156	293	0.799006449006058
TTTY13	VNN3	876	904	0.800825211348026
TTTY5	VNN3	883	904	0.800825211348026
TTTY8	VNN3	885	904	0.800825211348026
TTTY8B	VNN3	886	904	0.800825211348026
MIR4789	VNN3	527	904	0.800825211348026
SPO11	VNN3	829	904	0.800825211348026
TBL1Y	VNN3	846	904	0.800825211348026
TTTY11	VNN3	874	904	0.737425259460226
RNASE9	TTTY9A	758	887	0.76770424962697
OR2F1	TTTY9A	628	887	0.717389435093087
RNASE9	TTTY9B	758	888	0.76770424962697
OR2F1	TTTY9B	628	888	0.717389435093087
TTTY9A	TTTY9B	887	888	1
LOC340074	OR2V2	378	633	0.797434715166588
LOC340074	SPINK1	378	828	0.747112990385247
LOC340074	RAET1L	378	742	0.721802505400126
AADAC	OR2V2	2	633	0.707021107704995
GCNT3	GPR33	188	204	0.808189834750333
GCNT3	LINC00424	188	337	0.808189834750333
GCNT3	KRTAP2-2	188	297	0.808189834750333
LOC100131047	TTTY13	350	876	0.762809806981637
LOC100131047	TTTY5	350	883	0.762809806981637
LOC100131047	TTTY8	350	885	0.762809806981637
LOC100131047	TTTY8B	350	886	0.762809806981637
LOC100131047	MIR4789	350	527	0.762809806981637
LOC100131047	SPO11	350	829	0.762809806981637
LOC100131047	TBL1Y	350	846	0.762809806981637
LOC100131047	TTTY11	350	874	0.702402818004824
CARTPT	OR52M1	66	658	0.713990816724592
KNCN	MIR378D2	268	479	0.869403741703069
APOBEC1	MAGEB3	16	409	0.767445313324134
MAGEB3	OR4D6	409	641	0.767445313324134
MAGEB3	OR5P2	409	669	0.733357284983642
LOC728040	ZAR1L	393	913	0.719698833467645
C19orf33	SEMG2	47	773	0.711332149447275
CST5	LINC00239	113	332	0.749643559948892
LINC00347	SERPINA9	335	778	0.74904672979277
LINC00347	MIR548J	335	544	0.74904672979277
LINC00347	REG1B	335	751	0.74904672979277
HOXB13	OR2C3	232	627	0.799657293115067
CREB3L3	OR1F2P	103	618	0.813065388063998
CREB3L3	OR56B1	103	663	0.723600487750554
MIR4453	OR10R2	503	605	0.767953552377577
LOC344887	TREM2	380	865	0.811618344691927
CYP4F8	KRT85	118	282	0.737730950459138
CYP4F8	LOC286442	118	375	0.737730950459138
CYP4F8	LINC00332	118	334	0.737730950459138
CYP4F8	MIR190A	118	441	0.737730950459138
CAMP	CXXC1P1	63	116	0.86691432819671
CXXC1P1	MIR4760	116	522	0.86691432819671
CXXC1P1	MIR941-2	116	568	0.86691432819671
SERPINA9	SP8	778	822	0.777666081024945
MIR548J	SP8	544	822	0.777666081024945
REG1B	SP8	751	822	0.777666081024945
MYOC	OR51M1	584	655	0.764377478100201
KRTAP4-5	MIR4474	306	507	0.700280741371918
LINC00442	OR1F2P	338	618	0.704206615831279
OR1F2P	P2RX3	618	697	0.712324538217188
KRT28	SUN5	272	838	0.724810352135098
CTLA4	SNORD121A	114	810	0.764794584625929
MIR502	TAAR2	532	841	0.765312473846656
MIR4271	OR10Q1	490	604	0.715652806673983
OR6C1	SERPINA9	670	778	0.755198806835715
MIR548J	OR6C1	544	670	0.755198806835715
OR6C1	REG1B	670	751	0.755198806835715
AFP	GAGE2C	8	186	0.820209302963553
FLJ41350	OR3A4P	180	639	0.776960689764698
FGA	SIGLEC12	175	784	0.706376227315595
MS4A8B	TTTY13	578	876	0.704846082363649
MS4A8B	TTTY5	578	883	0.704846082363649
MS4A8B	TTTY8	578	885	0.704846082363649
MS4A8B	TTTY8B	578	886	0.704846082363649
MIR4789	MS4A8B	527	578	0.704846082363649
MS4A8B	SPO11	578	829	0.704846082363649
MS4A8B	TBL1Y	578	846	0.704846082363649
CLRN1-AS1	MIR4746	96	520	0.71938306491
FOXI3	OR1J4	183	620	0.705806677888299
LOC254099	PRSS45	366	737	0.720902760754275
PRSS45	SMIM2-IT1	737	797	0.720902760754275
GDF3	OR10T2	189	607	0.713738545144259
LOC158376	OR10T2	364	607	0.713738545144259
MIR553	OR10T2	545	607	0.713738545144259
LOC257358	OR52N1	367	659	0.737052172630326
CSH2	NKX2-1	109	590	0.715827150872354
NKX2-1	SPAG11A	590	823	0.715827150872354
KRTAP4-4	NKX2-1	305	590	0.715827150872354
LOC100287534	NKX2-1	352	590	0.715827150872354
MIR33B	NKX2-1	468	590	0.715827150872354
NKX2-1	OR6N2	590	679	0.715827150872354
KRTAP4-11	LRRC15	303	396	0.823831773248283
KRTAP4-8	LRRC15	309	396	0.823831773248283
HES3	LRRC15	224	396	0.823831773248283
OTP	SUN5	695	838	0.810401629143785
OTP	PITX2	695	714	0.712778473690936
MOXD2P	PRSS58	575	739	0.739610696909304
GPR141	LOC100093698	203	348	0.769366173015842
FEZF1-AS1	SPATA31E1	174	826	0.73837621384032
KRT40	PRM1	276	733	0.70564155369386
ACTBL2	PADI4	4	699	0.773077756439515
PHOX2A	SNORD71	711	817	0.765314827245132
FAM170B	OR6C74	158	675	0.720751311580479
S100A7	SLC17A2	764	789	0.767591678122514
KLKP1	ST8SIA6-AS1	267	834	0.741446879772789
LOC285084	NEUROG2	371	589	0.724230613165826
HAO1	OR52N1	218	659	0.719211413098189
CPA6	MIR3976	101	485	0.711699998697468
CPA6	SNORD116-29	101	809	0.711699998697468
MIR4295	MYH8	492	583	0.703040344119264
