source	target	weight
CSH2	SPAG11A	1
MRGPRX2	BPIFA4P	1
MRGPRX2	CPSF4L	1
BPIFA4P	CPSF4L	1
CLC	DEFB128	1
CCL18	FAM99B	1
CYP4B1	GAGE7	1
H2AFB1	H2AFB3	1
CSH2	KRTAP4-4	1
SPAG11A	KRTAP4-4	1
KRTAP4-11	KRTAP4-8	1
KRTAP21-2	LCE1F	1
CLC	LINC00112	1
DEFB128	LINC00112	1
GPR33	LINC00424	1
CSH2	LOC100287534	1
SPAG11A	LOC100287534	1
KRTAP4-4	LOC100287534	1
LINC00563	LOC100287704	1
LINC00254	MIR138-2	1
FLI1-AS1	MIR181C	1
FLI1-AS1	MIR183	1
MIR181C	MIR183	1
CSH2	MIR33B	1
SPAG11A	MIR33B	1
KRTAP4-4	MIR33B	1
LOC100287534	MIR33B	1
KCNAB1-AS2	MIR3609	1
FLI1-AS1	MIR3649	1
MIR181C	MIR3649	1
MIR183	MIR3649	1
H2AFB1	MIR3941	1
H2AFB3	MIR3941	1
RNU6-19	MIR4284	1
KRTAP21-2	MIR432	1
LCE1F	MIR432	1
CCL18	MIR4451	1
FAM99B	MIR4451	1
LRRC2-AS1	MIR449B	1
CLC	MIR519A1	1
DEFB128	MIR519A1	1
LINC00112	MIR519A1	1
CLC	MIR522	1
DEFB128	MIR522	1
LINC00112	MIR522	1
MIR519A1	MIR522	1
FABP9	MIR548A1	1
FAM187B	MIR548F4	1
CDRT15P2	MIR592	1
KLK9	MMP20	1
MIR3169	OR10V1	1
LRRC2-AS1	OR52E4	1
MIR449B	OR52E4	1
RBMY1D	RBMY1E	1
RBMY1D	RBMY1F	1
RBMY1E	RBMY1F	1
LOC254099	SMIM2-IT1	1
C5orf58	TNFRSF18	1
TTTY13	TTTY5	1
TTTY13	TTTY8	1
TTTY5	TTTY8	1
TTTY13	TTTY8B	1
TTTY5	TTTY8B	1
TTTY8	TTTY8B	1
SNORD92	VTRNA1-3	1
PITX1	CCL21	1
LINC00563	CDA	1
LOC100287704	CDA	1
MIR3202-1	DEFB118	1
GPR50	DUSP21	1
FGF4	FTMT	1
DEFB110	GIMD1	1
SNORD37	GSTA5	1
MIR3121	HBBP1	1
KRTAP4-11	HES3	1
KRTAP4-8	HES3	1
GPR33	KRTAP2-2	1
LINC00424	KRTAP2-2	1
MIR569	LINC00207	1
CLC	LOC150185	1
DEFB128	LOC150185	1
LINC00112	LOC150185	1
MIR519A1	LOC150185	1
MIR522	LOC150185	1
MIR5194	LOC283403	1
DEFB135	LRRC3-AS1	1
FCN2	MIR320A	1
UGT1A1	MIR335	1
OR6C75	MIR4321	1
LOC286238	MIR433	1
PLA2G2E	MIR4427	1
PLA2G2E	MIR4472-1	1
MIR4427	MIR4472-1	1
TTTY13	MIR4789	1
TTTY5	MIR4789	1
TTTY8	MIR4789	1
TTTY8B	MIR4789	1
LOC728012	MIR5091	1
MIR4526	NCR3	1
KRTAP1-4	OR1A2	1
CSH2	OR6N2	1
SPAG11A	OR6N2	1
KRTAP4-4	OR6N2	1
LOC100287534	OR6N2	1
MIR33B	OR6N2	1
MIR943	OR8J3	1
MIR16-1	P2RX2	1
MIR891B	PAGE5	1
UGT1A1	PRAMEF13	1
MIR335	PRAMEF13	1
MIR16-1	PRG3	1
P2RX2	PRG3	1
CSAG4	RBMY1B	1
RBMY1D	RBMY1J	1
RBMY1E	RBMY1J	1
RBMY1F	RBMY1J	1
IFNB1	SNORD114-24	1
MIR3976	SNORD116-29	1
DEFB110	SNORD36C	1
GIMD1	SNORD36C	1
C5orf58	SPATA3	1
TNFRSF18	SPATA3	1
TTTY13	SPO11	1
TTTY5	SPO11	1
TTTY8	SPO11	1
TTTY8B	SPO11	1
MIR4789	SPO11	1
AMTN	TAS2R38	1
TTTY13	TBL1Y	1
TTTY5	TBL1Y	1
TTTY8	TBL1Y	1
TTTY8B	TBL1Y	1
MIR4789	TBL1Y	1
SPO11	TBL1Y	1
SIX3	THEG5	1
MIR150	TRPC2	1
MIR943	XAGE2	1
OR8J3	XAGE2	1
CLC	XAGE2B	1
DEFB128	XAGE2B	1
LINC00112	XAGE2B	1
MIR519A1	XAGE2B	1
MIR522	XAGE2B	1
LOC150185	XAGE2B	1
DEFB110	SIGLEC6	1
GIMD1	SIGLEC6	1
SNORD36C	SIGLEC6	1
RNF223	C2CD4B	1
C2orf53	TH	0.967865534685176
RETNLB	OR1F2P	1
TNNT2	LILRB5	1
CCL20	OR13C3	1
MIR711	OR6C65	1
GIP	OR11G2	1
DEFB110	MYF6	1
GIMD1	MYF6	1
SNORD36C	MYF6	1
SIGLEC6	MYF6	1
KLK9	KLK8	0.934828132294496
MMP20	KLK8	0.934828132294496
CSH2	S100Z	0.932834224849869
SPAG11A	S100Z	0.932834224849869
KRTAP4-4	S100Z	0.932834224849869
LOC100287534	S100Z	0.932834224849869
MIR33B	S100Z	0.932834224849869
OR6N2	S100Z	0.932834224849869
OR6C75	LOC100130275	1
MIR4321	LOC100130275	1
GPR50	OR2V2	1
DUSP21	OR2V2	1
TNNT2	AGXT2	1
LILRB5	AGXT2	1
CLC	PAX2	1
DEFB128	PAX2	1
LINC00112	PAX2	1
MIR519A1	PAX2	1
MIR522	PAX2	1
LOC150185	PAX2	1
XAGE2B	PAX2	1
C2orf53	UTS2R	1
TH	UTS2R	0.967865534685176
MIR452	TMEM114	1
PGC	HOXC13	1
MIR146B	LINC00619	1
FABP9	OR1L3	1
MIR548A1	OR1L3	1
LINC00651	EXOC3L4	0.922062024395096
MIR4762	GTSF1L	1
TTTY13	TTTY11	1
TTTY5	TTTY11	1
TTTY8	TTTY11	1
TTTY8B	TTTY11	1
MIR4789	TTTY11	1
SPO11	TTTY11	1
TBL1Y	TTTY11	1
FAM9B	OR10W1	0.914740511374991
MIR658	LINC00659	0.914470525086765
FAM9B	CD300LF	1
OR10W1	CD300LF	0.914740511374991
CLC	C10orf120	0.911317472580958
DEFB128	C10orf120	0.911317472580958
LINC00112	C10orf120	0.911317472580958
MIR519A1	C10orf120	0.911317472580958
MIR522	C10orf120	0.911317472580957
LOC150185	C10orf120	0.911317472580958
XAGE2B	C10orf120	0.911317472580958
PAX2	C10orf120	0.911317472580958
SERPINB4	HOXC6	0.940762269707241
SERPINB5	LOC643733	1
KRTAP6-3	UGT1A3	1
RNY5	OR6K6	0.903347530892065
C5orf58	GLYATL3	1
TNFRSF18	GLYATL3	1
SPATA3	GLYATL3	1
GPR50	OTOP3	1
DUSP21	OTOP3	1
OR2V2	OTOP3	1
LOC100507205	TEX28	1
CDRT15P2	KRT16P3	1
MIR592	KRT16P3	1
AMTN	LINC00443	1
TAS2R38	LINC00443	1
KRTAP4-11	HIST1H2APS1	1
KRTAP4-8	HIST1H2APS1	1
HES3	HIST1H2APS1	1
MIR891B	GPRC5D	1
PAGE5	GPRC5D	1
MIR3202-1	OR51G1	0.885089468150094
DEFB118	OR51G1	0.885089468150094
CLC	FEZF1	0.882738755411053
DEFB128	FEZF1	0.882738755411054
LINC00112	FEZF1	0.882738755411054
MIR519A1	FEZF1	0.882738755411054
MIR522	FEZF1	0.882738755411054
LOC150185	FEZF1	0.882738755411054
XAGE2B	FEZF1	0.882738755411054
PAX2	FEZF1	0.882738755411053
C10orf120	FEZF1	0.804293643262236
MIR569	FOXN1	0.882589839309754
LINC00207	FOXN1	0.882589839309754
C17orf105	HOXA11-AS	1
MIR16-1	OR8D2	1
P2RX2	OR8D2	1
PRG3	OR8D2	1
MIR150	DNMT3L	1
TRPC2	DNMT3L	1
C15orf53	OR5D13	1
CDRT15P2	HHEX	1
MIR592	HHEX	1
KRT16P3	HHEX	1
RNASE9	OR2F1	0.931820536496027
FEZF1-AS1	GZMB	1
FOXI3	OR6C74	1
SERPINB4	BSND	0.940762269707241
HOXC6	BSND	1
FLI1-AS1	LAIR2	1
MIR181C	LAIR2	1
MIR183	LAIR2	1
MIR3649	LAIR2	1
MIR450A2	LOC646862	0.856312933258913
AMTN	FLJ41350	1
TAS2R38	FLJ41350	1
LINC00443	FLJ41350	1
RNASE3	CLDN14	1
ST8SIA6-AS1	LOC100133461	1
KRTAP6-3	UGT1A4	1
UGT1A3	UGT1A4	1
KRTAP6-3	LOC100286922	1
UGT1A3	LOC100286922	1
UGT1A4	LOC100286922	1
LOC100507205	TRIM40	1
TEX28	TRIM40	1
MIR765	FLJ42969	1
MIR10B	CCDC179	1
GPR50	NREP-AS1	0.841705091963978
DUSP21	NREP-AS1	0.841705091963978
OR2V2	NREP-AS1	0.841705091963977
OTOP3	NREP-AS1	0.841705091963978
MIR3202-1	KRT78	0.841278998490181
DEFB118	KRT78	0.841278998490181
OR51G1	KRT78	0.744396983257998
GPR50	OTOL1	1
DUSP21	OTOL1	1
OR2V2	OTOL1	1
OTOP3	OTOL1	1
NREP-AS1	OTOL1	0.841705091963978
SNORD37	HTR1B	0.838449678147067
GSTA5	HTR1B	0.838449678147067
OR6C75	DPYD-AS1	1
MIR4321	DPYD-AS1	1
LOC100130275	DPYD-AS1	1
CCL18	OR2G2	1
FAM99B	OR2G2	1
MIR4451	OR2G2	1
HBM	LOC100507632	0.834944229632343
TNP2	HOXA10-HOXA9	1
FATE1	SHH	1
AMTN	OR2B11	0.829903092713194
TAS2R38	OR2B11	0.829903092713194
LINC00443	OR2B11	0.829903092713194
FLJ41350	OR2B11	0.829903092713194
AMTN	OR51B4	1
TAS2R38	OR51B4	1
LINC00443	OR51B4	1
FLJ41350	OR51B4	1
OR2B11	OR51B4	0.829903092713194
MIR610	DIAPH3-AS1	0.827817209519612
TNP2	SPANXN5	0.827572652272747
HOXA10-HOXA9	SPANXN5	0.827572652272747
KRTAP6-3	IBSP	1
UGT1A3	IBSP	1
UGT1A4	IBSP	1
LOC100286922	IBSP	1
LCE6A	WFDC9	1
LOC100505622	GPHB5	0.825609305297744
MIR4472-2	OR5A2	1
NPS	FFAR1	1
SLFN12L	LOC285548	1
CDRT15P2	CMA1	0.82233712350312
MIR592	CMA1	0.82233712350312
KRT16P3	CMA1	0.82233712350312
HHEX	CMA1	0.82233712350312
RHOD	SNORD72	0.819868200507302
KRTAP29-1	TAAR1	1
MIR3976	MIR1-2	1
SNORD116-29	MIR1-2	1
CDRT15P2	SNAR-C3	1
MIR592	SNAR-C3	1
KRT16P3	SNAR-C3	1
HHEX	SNAR-C3	1
CMA1	SNAR-C3	0.82233712350312
C5orf58	LOC100130480	1
TNFRSF18	LOC100130480	1
SPATA3	LOC100130480	1
GLYATL3	LOC100130480	1
MIR4640	OR3A2	0.810908505909091
DEFB110	SCXA	1
GIMD1	SCXA	1
SNORD36C	SCXA	1
SIGLEC6	SCXA	1
MYF6	SCXA	1
DEFB110	SCXB	1
GIMD1	SCXB	1
SNORD36C	SCXB	1
SIGLEC6	SCXB	1
MYF6	SCXB	1
SCXA	SCXB	1
TTTY4	TTTY4B	1
TTTY4	TTTY4C	1
TTTY4B	TTTY4C	1
FOXI3	KRTAP3-3	0.809076642664195
OR6C74	KRTAP3-3	0.809076642664195
DEFB135	CIDEA	1
LRRC3-AS1	CIDEA	1
PLA2G2E	C9orf53	0.807205923437722
MIR4427	C9orf53	0.807205923437722
MIR4472-1	C9orf53	0.807205923437722
SERPINA13P	MIR3692	0.949255112020417
MIR1243	LOC340094	1
DRGX	SCGB2A2	0.805450948071455
LCE4A	SNORD116-28	0.830811948559335
LOC286238	KRTAP19-8	0.802157821520875
MIR433	KRTAP19-8	0.802157821520875
DEFB104A	DEFB104B	1
GIP	OPN1MW2	0.800810165832197
OR11G2	OPN1MW2	0.800810165832197
FAM187B	POU1F1	1
MIR548F4	POU1F1	1
MRGPRX2	LOC732275	1
BPIFA4P	LOC732275	1
CPSF4L	LOC732275	1
CDRT15P2	PRKACG	1
MIR592	PRKACG	1
KRT16P3	PRKACG	1
HHEX	PRKACG	1
CMA1	PRKACG	0.82233712350312
SNAR-C3	PRKACG	1
LOC100507205	CRISP1	1
TEX28	CRISP1	1
TRIM40	CRISP1	1
OR13F1	BPIFA2	0.793391436283369
KRTAP29-1	COX7B2	1
TAAR1	COX7B2	1
OR52M1	GNGT1	0.893245196299319
KC6	MMP7	1
MIR450A2	OR6C68	1
LOC646862	OR6C68	0.856312933258913
FEZF1-AS1	CASP12	1
GZMB	CASP12	1
ODAM	XPNPEP2	0.848776897477433
B4GALNT2	IFNA14	0.899570951643985
WFDC10B	KRTAP10-8	1
MS4A15	SAA1	0.786583784569504
MS4A15	FXYD4	1
SAA1	FXYD4	0.786583784569504
CST11	CSTL1	1
LINC00651	IL36G	1
EXOC3L4	IL36G	0.922062024395096
MIR16-1	BTNL3	0.782977115024404
P2RX2	BTNL3	0.782977115024404
PRG3	BTNL3	0.782977115024404
OR8D2	BTNL3	0.782977115024404
DEFB110	OR52R1	0.782776646231138
GIMD1	OR52R1	0.782776646231138
SNORD36C	OR52R1	0.782776646231138
SIGLEC6	OR52R1	0.782776646231138
MYF6	OR52R1	0.782776646231138
SCXA	OR52R1	0.782776646231138
SCXB	OR52R1	0.782776646231138
MIR3121	SAA4	1
HBBP1	SAA4	1
MIR650	MIR3179-1	0.78159818355443
MIR650	MIR3179-2	0.78159818355443
MIR3179-1	MIR3179-2	1
MIR650	MIR3179-3	0.78159818355443
MIR3179-1	MIR3179-3	1
MIR3179-2	MIR3179-3	1
BET3L	NXF3	0.781597990495249
FOXI3	OR10G2	1
OR6C74	OR10G2	1
KRTAP3-3	OR10G2	0.809076642664196
UGT1A1	MIR3684	0.780409684859708
MIR335	MIR3684	0.780409684859708
PRAMEF13	MIR3684	0.780409684859708
IFNA4	MIR4724	1
C20orf85	MT1DP	0.780013578057586
KCNAB1-AS2	FOLR4	0.77943844411655
MIR3609	FOLR4	0.77943844411655
MRGPRX2	LCE2D	0.778081582312753
BPIFA4P	LCE2D	0.778081582312753
CPSF4L	LCE2D	0.778081582312753
LOC732275	LCE2D	0.778081582312753
KRTAP29-1	SMR3A	0.77756443883974
TAAR1	SMR3A	0.77756443883974
COX7B2	SMR3A	0.77756443883974
CYP4B1	SPRR2D	1
GAGE7	SPRR2D	1
LEUTX	STMND1	0.824517406929464
GPR50	OR14J1	1
DUSP21	OR14J1	1
OR2V2	OR14J1	1
OTOP3	OR14J1	1
NREP-AS1	OR14J1	0.841705091963978
OTOL1	OR14J1	1
KRTAP29-1	LOC100507003	1
TAAR1	LOC100507003	1
COX7B2	LOC100507003	1
SMR3A	LOC100507003	0.77756443883974
FAM9B	LINC00229	1
OR10W1	LINC00229	0.914740511374991
CD300LF	LINC00229	1
KRTAP29-1	MC3R	0.772720014832406
TAAR1	MC3R	0.772720014832406
COX7B2	MC3R	0.772720014832406
LOC100507003	MC3R	0.772720014832406
DEFB110	GKN2	1
GIMD1	GKN2	1
SNORD36C	GKN2	1
SIGLEC6	GKN2	1
MYF6	GKN2	1
SCXA	GKN2	1
SCXB	GKN2	1
OR52R1	GKN2	0.782776646231138
TNP2	DHRS7C	0.77084800917743
HOXA10-HOXA9	DHRS7C	0.77084800917743
DEFB135	MIR1226	0.770380167241807
LRRC3-AS1	MIR1226	0.770380167241807
CIDEA	MIR1226	0.770380167241807
C5orf58	FDCSP	0.770281236544762
TNFRSF18	FDCSP	0.770281236544762
SPATA3	FDCSP	0.770281236544762
GLYATL3	FDCSP	0.770281236544762
LOC100130480	FDCSP	0.770281236544762
PLA2G2E	OR4D5	0.769996256606411
MIR4427	OR4D5	0.769996256606411
MIR4472-1	OR4D5	0.769996256606411
MIR548H3	MIR663A	1
LINC00651	AMELX	1
EXOC3L4	AMELX	0.922062024395096
IL36G	AMELX	1
SUN5	MIR497	1
LINC00317	MBD3L4	0.898126585885365
LINC00317	MBD3L5	0.898126585885365
MBD3L4	MBD3L5	1
TM4SF5	SBK2	1
MIR450A2	MIR450A1	1
LOC646862	MIR450A1	0.856312933258913
OR6C68	MIR450A1	1
AMTN	KRTAP10-6	0.764350178479655
TAS2R38	KRTAP10-6	0.764350178479655
LINC00443	KRTAP10-6	0.764350178479655
FLJ41350	KRTAP10-6	0.764350178479655
OR51B4	KRTAP10-6	0.764350178479655
CSN2	SNORD116-11	0.764059183889865
FOLR3	MIR620	0.763472786686823
AMTN	MFSD6L	0.762529484240728
TAS2R38	MFSD6L	0.762529484240728
LINC00443	MFSD6L	0.762529484240728
FLJ41350	MFSD6L	0.762529484240728
OR51B4	MFSD6L	0.762529484240728
KRTAP8-1	MIR4256	0.761789519596264
IFNA22P	MIR499A	1
CSH2	GAGE2C	0.760046805311046
SPAG11A	GAGE2C	0.760046805311046
KRTAP4-4	GAGE2C	0.760046805311046
LOC100287534	GAGE2C	0.760046805311046
MIR33B	GAGE2C	0.760046805311046
OR6N2	GAGE2C	0.760046805311046
S100Z	GAGE2C	0.708802057305549
ELANE	PAR4	0.759122170237114
TLX3	MIR32	0.759051164903765
FEZF1-AS1	MIR4777	1
GZMB	MIR4777	1
CASP12	MIR4777	1
VPREB1	FMO9P	1
TTTY13	TTTY12	0.757237956718103
TTTY5	TTTY12	0.757237956718103
TTTY8	TTTY12	0.757237956718103
TTTY8B	TTTY12	0.757237956718103
MIR4789	TTTY12	0.757237956718103
SPO11	TTTY12	0.757237956718103
TBL1Y	TTTY12	0.757237956718103
TTTY11	TTTY12	0.757237956718103
LOC388553	SNORA11B	0.756908820421599
LYZL4	HOXA9	1
WFDC10B	MS4A12	1
KRTAP10-8	MS4A12	1
C2orf53	ITLN2	1
TH	ITLN2	0.967865534685176
UTS2R	ITLN2	1
MIR3202-1	VAV3-AS1	1
DEFB118	VAV3-AS1	1
OR51G1	VAV3-AS1	0.885089468150094
KRT78	VAV3-AS1	0.841278998490181
MIR4707	LRRC3C	1
MIR569	DEFB121	1
LINC00207	DEFB121	1
FOXN1	DEFB121	0.882589839309754
MIR3675	C8orf87	1
SLFN12L	PRL	0.751300088903462
LOC285548	PRL	0.751300088903462
MIR569	CDRT7	1
LINC00207	CDRT7	1
FOXN1	CDRT7	0.882589839309754
DEFB121	CDRT7	1
TNP2	KRTAP19-1	1
HOXA10-HOXA9	KRTAP19-1	1
SPANXN5	KRTAP19-1	0.827572652272747
DHRS7C	KRTAP19-1	0.77084800917743
TTTY13	OR1S1	1
TTTY5	OR1S1	1
TTTY8	OR1S1	1
TTTY8B	OR1S1	1
MIR4789	OR1S1	1
SPO11	OR1S1	1
TBL1Y	OR1S1	1
TTTY11	OR1S1	1
TTTY12	OR1S1	0.757237956718103
OR2A14	PRDM13	0.70866398123547
FRG2B	RNASE2	0.748477272990847
VPREB1	TAAR8	1
FMO9P	TAAR8	1
FEZF1-AS1	SLAMF1	1
GZMB	SLAMF1	1
CASP12	SLAMF1	1
MIR4777	SLAMF1	1
MIR4640	C1orf64	1
OR3A2	C1orf64	0.810908505909092
SERPINB4	IFNA21	0.940762269707241
HOXC6	IFNA21	1
BSND	IFNA21	1
MIR16-1	PNLIPRP3	1
P2RX2	PNLIPRP3	1
PRG3	PNLIPRP3	1
OR8D2	PNLIPRP3	1
BTNL3	PNLIPRP3	0.782977115024404
OR6C70	LOC388813	1
MIR150	MIR4307	0.742434133741214
TRPC2	MIR4307	0.742434133741214
DNMT3L	MIR4307	0.742434133741214
LOC286238	MIR1179	1
MIR433	MIR1179	1
KRTAP19-8	MIR1179	0.802157821520876
PLA2G2E	SDC4P	0.740799855211679
MIR4427	SDC4P	0.740799855211679
MIR4472-1	SDC4P	0.740799855211679
MIR3169	MIR3913-2	1
OR10V1	MIR3913-2	1
CYP4B1	TRIML2	1
GAGE7	TRIML2	1
SPRR2D	TRIML2	1
MIR3202-1	OR6S1	0.735929952550277
DEFB118	OR6S1	0.735929952550277
VAV3-AS1	OR6S1	0.735929952550277
OR2F1	ARL14EPL	0.735915803839193
MIR4770	ZFX-AS1	1
KRTAP2-4	TARM1	0.735636746426678
KRTAP6-3	UGT1A5	1
UGT1A3	UGT1A5	1
UGT1A4	UGT1A5	1
LOC100286922	UGT1A5	1
IBSP	UGT1A5	1
DRGX	MIR4761	1
SCGB2A2	MIR4761	0.805450948071455
MIR16-1	C9orf92	1
P2RX2	C9orf92	1
PRG3	C9orf92	1
OR8D2	C9orf92	1
BTNL3	C9orf92	0.782977115024404
PNLIPRP3	C9orf92	1
CLC	CCL15	0.732095472731343
DEFB128	CCL15	0.732095472731343
LINC00112	CCL15	0.732095472731343
MIR519A1	CCL15	0.732095472731343
MIR522	CCL15	0.732095472731343
LOC150185	CCL15	0.732095472731343
XAGE2B	CCL15	0.732095472731343
PAX2	CCL15	0.732095472731343
RNASE8	MIR4524B	1
SULT1B1	FAM3D	0.730541183393082
SNORD90	MIOX	1
MAGEA2	MAGEA12	0.729694175053054
LOC254099	PRM3	0.728796458573372
SMIM2-IT1	PRM3	0.728796458573372
MIR3121	OR4X2	0.727747416026477
HBBP1	OR4X2	0.727747416026477
SAA4	OR4X2	0.727747416026477
UGT1A1	MIR384	1
MIR335	MIR384	1
PRAMEF13	MIR384	1
MIR3684	MIR384	0.780409684859708
SCGB2A1	CETN1	0.724541413315171
DEFB135	LINC00333	1
LRRC3-AS1	LINC00333	1
CIDEA	LINC00333	1
MIR1226	LINC00333	0.770380167241807
PAEP	MIR4741	0.724036772626079
ST8SIA6-AS1	SPANXN1	1
LOC100133461	SPANXN1	1
GRP	KIR3DL2	0.721852150288652
TFF2	CGB8	1
LOC254099	PDX1	0.721362254400358
SMIM2-IT1	PDX1	0.721362254400358
NPBWR1	MIR4305	1
OR5AU1	MIR9-1	1
FLJ46300	WBSCR28	1
SLC2A7	MIR744	0.716410439546497
KCNAB1-AS2	C9orf173	1
MIR3609	C9orf173	1
FOLR4	C9orf173	0.77943844411655
CSH2	CALML3	1
SPAG11A	CALML3	1
KRTAP4-4	CALML3	1
LOC100287534	CALML3	1
MIR33B	CALML3	1
OR6N2	CALML3	1
S100Z	CALML3	0.932834224849869
GAGE2C	CALML3	0.760046805311046
SNORD113-5	MIR3620	1
KRTAP2-4	APOC3	1
TARM1	APOC3	0.735636746426678
SPRR2G	MIR4730	0.713514293846219
SPERT	MIR2681	0.700112310421806
MIR1243	KRTAP27-1	0.713377209743424
LOC340094	KRTAP27-1	0.713377209743424
FOXI3	LOC643441	1
OR6C74	LOC643441	1
KRTAP3-3	LOC643441	0.809076642664196
OR10G2	LOC643441	1
MIR572	MIR4798	0.701199660596245
MIR16-1	TEX36	0.701642994557309
P2RX2	TEX36	0.701642994557309
PRG3	TEX36	0.701642994557309
OR8D2	TEX36	0.701642994557309
PNLIPRP3	TEX36	0.701642994557309
C9orf92	TEX36	0.701642994557309
MIR4770	MIR4751	0.701658382417815
ZFX-AS1	MIR4751	0.701658382417815
LRRC2-AS1	SERPINA7	1
MIR449B	SERPINA7	1
OR52E4	SERPINA7	1
CLC	KRTAP19-4	0.70255974085433
DEFB128	KRTAP19-4	0.70255974085433
LINC00112	KRTAP19-4	0.70255974085433
MIR519A1	KRTAP19-4	0.70255974085433
MIR522	KRTAP19-4	0.70255974085433
LOC150185	KRTAP19-4	0.70255974085433
SNORD82	KRTAP19-4	0.71103807629519
XAGE2B	KRTAP19-4	0.70255974085433
PAX2	KRTAP19-4	0.70255974085433
MIR569	KLK11	0.710082480752168
LINC00207	KLK11	0.710082480752168
DEFB121	KLK11	0.710082480752168
CDRT7	KLK11	0.710082480752168
TTLL10	KLK11	0.703525537451022
IGSF23	LCE2C	0.703912958619456
MIR4798	GSTA3	0.712379404307309
LOC100505622	PRSS56	1
GPHB5	PRSS56	0.825609305297744
SNORD105	SNORD105B	0.711138969254078
MIR3976	MIR618	0.708793673526131
SNORD116-29	MIR618	0.708793673526132
MIR1-2	MIR618	0.708793673526132
AMTN	DSCR4	0.705271773718751
TAS2R38	DSCR4	0.705271773718751
LINC00443	DSCR4	0.705271773718751
FLJ41350	DSCR4	0.705271773718751
OR51B4	DSCR4	0.705271773718751
CRLF2	SNORD18C	1
LOC100507205	MIR4295	1
TEX28	MIR4295	1
TRIM40	MIR4295	1
CRISP1	MIR4295	1
FLI1-AS1	OR4P4	0.706550915943805
MIR181C	OR4P4	0.706550915943805
MIR183	OR4P4	0.706550915943805
MIR3649	OR4P4	0.706550915943805
LAIR2	OR4P4	0.706550915943805
ST8SIA6-AS1	IFNA7	0.984957328924243
LOC100133461	IFNA7	0.984957328924243
SPANXN1	IFNA7	0.984957328924243
FOXI3	BARX1	0.887709554047157
OR6C74	BARX1	0.887709554047157
KRTAP3-3	BARX1	0.717955677389709
OR10G2	BARX1	0.887709554047157
LOC643441	BARX1	0.887709554047157
LINC00651	CLEC4M	1
EXOC3L4	CLEC4M	0.922062024395096
IL36G	CLEC4M	1
AMELX	CLEC4M	1
RNY5	POU4F3	0.924479565989294
OR6K6	POU4F3	0.834989730288377
TNP2	IL22RA1	0.718041663031409
HOXA10-HOXA9	IL22RA1	0.718041663031409
KRTAP19-1	IL22RA1	0.718041663031409
MIR1243	UGT1A9	1
LOC340094	UGT1A9	1
KRTAP27-1	UGT1A9	0.713377209743424
SCGN	LOC285768	0.949142115121835
LOC389033	C6orf222	0.787618781131673
MIR642A	C11orf21	0.957168604225294
FATE1	TEX13B	0.948454304304643
SHH	TEX13B	0.948454304304642
LINC00523	STOML3	0.71653874317201
CT47B1	KIR3DL3	1
MIR4306	C6orf7	1
AMTN	ATXN3L	1
TAS2R38	ATXN3L	1
LINC00443	ATXN3L	1
FLJ41350	ATXN3L	1
OR2B11	ATXN3L	0.829903092713194
OR51B4	ATXN3L	1
KRTAP10-6	ATXN3L	0.764350178479655
MFSD6L	ATXN3L	0.762529484240728
DSCR4	ATXN3L	0.705271773718751
MIR891B	VN1R4	0.835539712623932
PAGE5	VN1R4	0.835539712623932
GPRC5D	VN1R4	0.835539712623932
C20orf85	MAGEA1	1
MT1DP	MAGEA1	0.780013578057586
LINC00457	C1orf200	1
SNORA69	SOHLH1	0.920560991710484
MIR650	OR1Q1	0.893879060494767
MIR650	WNT8A	0.925576741271816
MIR3179-1	WNT8A	0.72323182401052
MIR3179-2	WNT8A	0.72323182401052
MIR3179-3	WNT8A	0.72323182401052
OR1Q1	WNT8A	0.827155927800255
TSPAN32	GTSF1	1
MIR128-2	FEZF2	1
OR6C75	LOC344887	1
MIR4321	LOC344887	1
LOC100130275	LOC344887	1
DPYD-AS1	LOC344887	1
LEUTX	LHX5	0.746448309850818
STMND1	LHX5	0.905558619043295
KRT36	KRT32	0.946010576969112
OR2A12	HS3ST2	0.962673874016644
LOC154872	CLEC4F	1
DEFB104A	FGF6	0.760629616234395
DEFB104B	FGF6	0.760629616234395
KRTAP10-9	FGF6	0.725337019649344
MIR4318	HBA2	1
AMTN	SERPINA12	0.849503557944365
TAS2R38	SERPINA12	0.849503557944365
LINC00443	SERPINA12	0.849503557944365
FLJ41350	SERPINA12	0.849503557944365
OR2B11	SERPINA12	0.704759729852048
OR51B4	SERPINA12	0.849503557944365
ATXN3L	SERPINA12	0.849503557944365
SNORD92	SNORD108	0.971438477389965
VTRNA1-3	SNORD108	0.971438477389965
LRRC2-AS1	OR10S1	0.743938531675554
MIR449B	OR10S1	0.743938531675554
OR52E4	OR10S1	0.743938531675554
SERPINA7	OR10S1	0.743938531675554
KRTAP10-1	PIWIL1	0.99009496592017
CRLF2	IRG1	0.933913018106261
SNORD18C	IRG1	0.933913018106261
MIR424	HOXB7	1
FAM187B	REG1P	0.988044867203036
MIR548F4	REG1P	0.988044867203036
POU1F1	REG1P	0.988044867203036
CCL23	OR4K1	0.834970641761185
MIR586	OR7C1	1
CYP4B1	OR56B1	0.748961834376001
GAGE7	OR56B1	0.748961834376001
SPRR2D	OR56B1	0.748961834376001
TRIML2	OR56B1	0.748961834376001
OXT	MIR1307	1
KRTAP1-4	CNR2	0.78939441829558
OR1A2	CNR2	0.78939441829558
LINC00563	LOC100287834	0.85753386729154
LOC100287704	LOC100287834	0.85753386729154
CDA	LOC100287834	0.85753386729154
MRGPRX2	DLX2	1
BPIFA4P	DLX2	1
CPSF4L	DLX2	1
LOC732275	DLX2	1
LCE2D	DLX2	0.778081582312753
PLA2G2E	PSORS1C2	1
MIR4427	PSORS1C2	1
MIR4472-1	PSORS1C2	1
C9orf53	PSORS1C2	0.807205923437722
OR4D5	PSORS1C2	0.769996256606411
SDC4P	PSORS1C2	0.740799855211679
LOC286238	OR4C6	0.722443031853035
MIR433	OR4C6	0.722443031853035
MIR1179	OR4C6	0.722443031853035
AKAP4	LOC401109	0.797737809102096
LEUTX	MAGEB18	0.719533793723397
STMND1	MAGEB18	0.872952322580596
LHX5	MAGEB18	0.790336619669855
CXCL10	SERPINB3	1
MIR711	KRT25	1
OR6C65	KRT25	1
FGA	FOXQ1	0.91020055032153
MIR593	MRGPRD	1
LINC00162	LOC339822	0.898120819033134
FRG2B	ST8SIA6	0.831338296485129
MRGPRX2	TRIM10	1
BPIFA4P	TRIM10	1
CPSF4L	TRIM10	1
LOC732275	TRIM10	1
LCE2D	TRIM10	0.778081582312753
DLX2	TRIM10	1
OR51M1	APOA5	0.843745968512337
KRT36	BOD1L2	0.858671900077417
KRT32	BOD1L2	0.812173912737826
MIR711	RLN3	1
OR6C65	RLN3	1
KRT25	RLN3	1
LINC00563	C19orf59	0.956615883561531
LOC100287704	C19orf59	0.956615883561531
CDA	C19orf59	0.956615883561531
LOC100287834	C19orf59	0.820153691897831
MIR340	INSL5	0.913957864006135
KRTAP21-2	RBBP8NL	0.880982124263011
LCE1F	RBBP8NL	0.880982124263011
MIR432	RBBP8NL	0.880982124263011
OR52M1	COLEC10	0.736758007005954
GNGT1	COLEC10	0.825138609813679
LINC00457	LOC286135	0.990638750121209
C1orf200	LOC286135	0.990638750121209
ODAM	LOC100507362	0.776895178993803
XPNPEP2	LOC100507362	0.915589287576549
CYP4B1	FAM26D	0.827946448400291
GAGE7	FAM26D	0.827946448400291
SPRR2D	FAM26D	0.827946448400291
TRIML2	FAM26D	0.827946448400291
CST11	DNAJB8-AS1	1
CSTL1	DNAJB8-AS1	1
MIR711	UPK3A	0.74105834015054
OR6C65	UPK3A	0.741058340150539
KRT25	UPK3A	0.74105834015054
RLN3	UPK3A	0.741058340150539
ECRP	C7orf34	1
C20orf85	HTR3D	0.897855776791141
MT1DP	HTR3D	0.70010952425975
MAGEA1	HTR3D	0.897855776791141
TPRX1	TWIST2	0.897020220958422
MRGPRX2	OR2T35	0.755781166278705
BPIFA4P	OR2T35	0.755781166278704
CPSF4L	OR2T35	0.755781166278704
LOC732275	OR2T35	0.755781166278705
DLX2	OR2T35	0.755781166278705
TRIM10	OR2T35	0.755781166278705
CSH2	LIPM	0.833703288562539
SPAG11A	LIPM	0.833703288562539
KRTAP4-4	LIPM	0.833703288562539
LOC100287534	LIPM	0.833703288562539
MIR33B	LIPM	0.833703288562539
OR6N2	LIPM	0.833703288562539
S100Z	LIPM	0.777472289232196
CALML3	LIPM	0.833703288562539
CSH2	OR6C3	0.818890775340148
SPAG11A	OR6C3	0.818890775340148
KRTAP4-4	OR6C3	0.818890775340148
LOC100287534	OR6C3	0.818890775340148
MIR33B	OR6C3	0.818890775340148
OR6N2	OR6C3	0.818890775340148
S100Z	OR6C3	0.7637165786401
CALML3	OR6C3	0.818890775340148
GPR33	LY86	0.817518461462931
LINC00424	LY86	0.817518461462931
KRTAP2-2	LY86	0.817518461462931
CSH2	CLEC1B	1
SPAG11A	CLEC1B	1
KRTAP4-4	CLEC1B	1
LOC100287534	CLEC1B	1
MIR33B	CLEC1B	1
OR6N2	CLEC1B	1
S100Z	CLEC1B	0.932834224849869
GAGE2C	CLEC1B	0.760046805311046
CALML3	CLEC1B	1
LIPM	CLEC1B	0.833703288562539
OR6C3	CLEC1B	0.818890775340148
MIR569	FAM83F	1
LINC00207	FAM83F	1
FOXN1	FAM83F	0.882589839309754
DEFB121	FAM83F	1
CDRT7	FAM83F	1
KLK11	FAM83F	0.710082480752168
LINC00651	CARD17	0.944003503327552
EXOC3L4	CARD17	0.870323098845003
IL36G	CARD17	0.944003503327552
AMELX	CARD17	0.944003503327552
CLEC4M	CARD17	0.944003503327552
CSH2	TAAR5	0.796867062374121
SPAG11A	TAAR5	0.796867062374122
KRTAP4-4	TAAR5	0.796867062374121
LOC100287534	TAAR5	0.796867062374121
MIR33B	TAAR5	0.796867062374121
OR6N2	TAAR5	0.796867062374122
S100Z	TAAR5	0.743163013408406
CALML3	TAAR5	0.796867062374121
CLEC1B	TAAR5	0.796867062374122
TTTY13	PRSS1	0.896097832078301
TTTY5	PRSS1	0.896097832078301
TTTY8	PRSS1	0.896097832078301
TTTY8B	PRSS1	0.896097832078301
MIR4789	PRSS1	0.896097832078301
SPO11	PRSS1	0.896097832078301
TBL1Y	PRSS1	0.896097832078301
TTTY11	PRSS1	0.896097832078301
OR1S1	PRSS1	0.896097832078301
NKX3-2	LOC731779	0.813705500910546
MIR1243	OR9G1	1
LOC340094	OR9G1	1
KRTAP27-1	OR9G1	0.713377209743424
UGT1A9	OR9G1	1
MIR1243	OR9G9	1
LOC340094	OR9G9	1
KRTAP27-1	OR9G9	0.713377209743424
UGT1A9	OR9G9	1
OR9G1	OR9G9	1
LOC100507205	LOC149950	0.89191006169175
TEX28	LOC149950	0.89191006169175
TRIM40	LOC149950	0.89191006169175
CRISP1	LOC149950	0.89191006169175
MIR4295	LOC149950	0.89191006169175
TNP2	LOC284080	0.750259654296136
HOXA10-HOXA9	LOC284080	0.750259654296136
KRTAP19-1	LOC284080	0.750259654296136
B4GALNT2	CSN3	0.899570951643985
IFNA14	CSN3	1
FEZF1-AS1	LOC340073	1
GZMB	LOC340073	1
CASP12	LOC340073	1
MIR4777	LOC340073	1
SLAMF1	LOC340073	1
MIR4526	OR6N1	1
NCR3	OR6N1	1
LINC00651	TBC1D21	0.780807566671696
EXOC3L4	TBC1D21	0.71975098976663
IL36G	TBC1D21	0.780807566671696
AMELX	TBC1D21	0.780807566671696
CLEC4M	TBC1D21	0.780807566671696
CARD17	TBC1D21	0.736912869271553
LINC00457	OR2AP1	0.85415741216716
C1orf200	OR2AP1	0.85415741216716
LOC286135	OR2AP1	0.846102127129113
FABP9	OR1G1	0.821379667287533
MIR548A1	OR1G1	0.821379667287533
OR1L3	OR1G1	0.821379667287533
BMP15	KRT83	0.914725703427946
MIR150	LOC339568	0.858139118817596
TRPC2	LOC339568	0.858139118817596
DNMT3L	LOC339568	0.858139118817596
MIR2681	USP17L18	0.713448089619034
LOC340113	GABRR3	0.791000536583949
MIR3202-1	CLEC9A	0.867787341131371
DEFB118	CLEC9A	0.867787341131371
OR51G1	CLEC9A	0.767876216271101
KRT78	CLEC9A	0.729826834127561
VAV3-AS1	CLEC9A	0.867787341131371
FAM187B	VN1R10P	1
MIR548F4	VN1R10P	1
POU1F1	VN1R10P	1
REG1P	VN1R10P	0.988044867203036
AMTN	SLC17A2	0.800480571749135
TAS2R38	SLC17A2	0.800480571749135
LINC00443	SLC17A2	0.800480571749135
FLJ41350	SLC17A2	0.800480571749135
OR51B4	SLC17A2	0.800480571749136
ATXN3L	SLC17A2	0.800480571749135
PLA2G2E	CCDC155	0.773233221204432
MIR4427	CCDC155	0.773233221204432
MIR4472-1	CCDC155	0.773233221204431
PSORS1C2	CCDC155	0.773233221204431
DEFB110	EMCN-IT3	0.815937880110278
GIMD1	EMCN-IT3	0.815937880110278
SNORD36C	EMCN-IT3	0.815937880110278
SIGLEC6	EMCN-IT3	0.815937880110278
MYF6	EMCN-IT3	0.815937880110278
SCXA	EMCN-IT3	0.815937880110278
SCXB	EMCN-IT3	0.815937880110278
GKN2	EMCN-IT3	0.815937880110277
DSCR4	CPLX4	0.708348084311441
MIR19B1	KRTAP4-7	0.896257138332566
TMEM252	MMP10	0.813034803462225
LOC286238	OR11H6	0.779634140788593
MIR433	OR11H6	0.779634140788593
MIR1179	OR11H6	0.779634140788593
MIR569	P2RY10	0.915026138365296
LINC00207	P2RY10	0.915026138365296
FOXN1	P2RY10	0.807434331788199
DEFB121	P2RY10	0.915026138365296
CDRT7	P2RY10	0.915026138365296
FAM83F	P2RY10	0.915026138365296
C2orf53	PRSS58	0.857496050690072
TH	PRSS58	0.829832788324967
UTS2R	PRSS58	0.857496050690072
ITLN2	PRSS58	0.857496050690072
MRGPRX2	OR6C76	1
BPIFA4P	OR6C76	1
CPSF4L	OR6C76	1
LOC732275	OR6C76	1
LCE2D	OR6C76	0.778081582312753
DLX2	OR6C76	1
TRIM10	OR6C76	1
OR2T35	OR6C76	0.755781166278705
LYZL4	PRDM9	0.90567430832389
HOXA9	PRDM9	0.90567430832389
C16orf11	SPNS3	0.715282655050226
MIR3169	MIR941-3	0.777723136324923
OR10V1	MIR941-3	0.777723136324923
MIR3913-2	MIR941-3	0.777723136324923
FOXI3	KRT76	0.716523540887791
OR6C74	KRT76	0.716523540887791
OR10G2	KRT76	0.716523540887791
LOC643441	KRT76	0.716523540887791
MIR891B	PRAMEF21	0.780921539441406
PAGE5	PRAMEF21	0.780921539441406
GPRC5D	PRAMEF21	0.780921539441406
C20orf85	DEFB129	0.901605547858912
MT1DP	DEFB129	0.703038437931225
MAGEA1	DEFB129	0.901605547858912
HTR3D	DEFB129	0.809352642314294
FGF16	PNLIPRP2	0.793646345747038
MIR150	RTP2	1
TRPC2	RTP2	1
DNMT3L	RTP2	1
MIR4307	RTP2	0.742434133741214
LOC339568	RTP2	0.858139118817596
C5orf58	ACSM2B	0.896041823486059
TNFRSF18	ACSM2B	0.896041823486059
SPATA3	ACSM2B	0.896041823486059
GLYATL3	ACSM2B	0.896041823486059
LOC100130480	ACSM2B	0.896041823486059
BMP15	IL21	0.814883059493988
KRT83	IL21	0.891017169954578
CEBPE	TMEM95	0.710307669409912
MIR3121	OR5B17	0.901038744212227
HBBP1	OR5B17	0.901038744212227
SAA4	OR5B17	0.901038744212227
KRTAP8-1	TMCO5B	0.841160008366477
MRGPRX2	SLC6A18	0.896664202535664
BPIFA4P	SLC6A18	0.896664202535664
CPSF4L	SLC6A18	0.896664202535664
LOC732275	SLC6A18	0.896664202535664
DLX2	SLC6A18	0.896664202535664
TRIM10	SLC6A18	0.896664202535664
OR6C76	SLC6A18	0.896664202535664
CSAG4	KRTAP5-6	1
RBMY1B	KRTAP5-6	1
LOC286238	LINC00308	0.844975237199156
MIR433	LINC00308	0.844975237199156
MIR1179	LINC00308	0.844975237199156
MIR569	CD200R1L	0.77179598694567
LINC00207	CD200R1L	0.77179598694567
DEFB121	CD200R1L	0.77179598694567
CDRT7	CD200R1L	0.77179598694567
FAM83F	CD200R1L	0.77179598694567
P2RY10	CD200R1L	0.705999210321521
TTTY13	OR9I1	0.77747687371481
TTTY5	OR9I1	0.77747687371481
TTTY8	OR9I1	0.77747687371481
TTTY8B	OR9I1	0.77747687371481
MIR4789	OR9I1	0.77747687371481
SPO11	OR9I1	0.77747687371481
TBL1Y	OR9I1	0.77747687371481
TTTY11	OR9I1	0.77747687371481
OR1S1	OR9I1	0.77747687371481
NKX3-2	OR51D1	1
LOC731779	OR51D1	0.813705500910546
TSPY4	IL3	0.741877120347835
LRRC2-AS1	OR9A4	1
MIR449B	OR9A4	1
OR52E4	OR9A4	1
SERPINA7	OR9A4	1
OR10S1	OR9A4	0.743938531675554
FOXI3	CDC42EP5	0.720779647369462
OR6C74	CDC42EP5	0.720779647369462
OR10G2	CDC42EP5	0.720779647369462
LOC643441	CDC42EP5	0.720779647369462
GH2	NEUROG1	0.787436131592788
SNORD37	CLEC6A	0.784761930418803
GSTA5	CLEC6A	0.784761930418803
LINC00523	SERPINB11	0.783794355824312
STOML3	SERPINB11	0.914460137978611
C5orf58	POU3F3	0.72168804123412
TNFRSF18	POU3F3	0.72168804123412
SPATA3	POU3F3	0.72168804123412
GLYATL3	POU3F3	0.72168804123412
LOC100130480	POU3F3	0.72168804123412
SNORD32B	OR2G3	0.748179175889403
LRRC30	IQCF2	0.751644439880233
PLA2G2E	GUCY2EP	1
MIR4427	GUCY2EP	1
MIR4472-1	GUCY2EP	1
C9orf53	GUCY2EP	0.807205923437722
OR4D5	GUCY2EP	0.769996256606411
SDC4P	GUCY2EP	0.740799855211679
PSORS1C2	GUCY2EP	1
CCDC155	GUCY2EP	0.773233221204432
C2orf53	GRXCR1	0.891883464906358
TH	GRXCR1	0.863128253787738
UTS2R	GRXCR1	0.891883464906358
ITLN2	GRXCR1	0.891883464906358
PRSS58	GRXCR1	0.76459215767825
NKG7	DEFB114	0.7142538155514
MIR600	LOC284661	0.874040608931482
OR8U1	LOC284661	0.783312548910042
PRAMEF5	SMCR9	0.898431418886171
SUN5	DEFB107A	0.705996020488571
MIR497	DEFB107A	0.705996020488571
SUN5	DEFB107B	0.705996020488571
MIR497	DEFB107B	0.705996020488571
DEFB107A	DEFB107B	1
SNORD82	TRAT1	0.836687896626312
PRAMEF18	PRAMEF19	1
FOXI3	CCL19	0.766561224356275
OR6C74	CCL19	0.766561224356275
OR10G2	CCL19	0.766561224356274
LOC643441	CCL19	0.766561224356275
SNORD58B	CBLC	0.770553497136249
KRTAP25-1	WFDC13	0.883026192130932
SUN5	PITX2	1
MIR497	PITX2	1
DEFB107A	PITX2	0.705996020488571
DEFB107B	PITX2	0.705996020488571
DEFB103A	LOC643037	0.789862246437515
ST8SIA6-AS1	LY6G6E	0.70547506389982
LOC100133461	LY6G6E	0.705475063899819
SPANXN1	LY6G6E	0.705475063899819
LRRC2-AS1	MAGEB4	1
MIR449B	MAGEB4	1
OR52E4	MAGEB4	1
SERPINA7	MAGEB4	1
OR10S1	MAGEB4	0.743938531675554
OR9A4	MAGEB4	1
OR52M1	KRT34	0.79487705922242
GNGT1	KRT34	0.890067210101841
COLEC10	KRT34	0.734131647077899
SEMA3G	BIRC8	1
AKAP4	MCCD1	0.720267556906997
LOC401109	MCCD1	0.721909628536662
MIR4526	OR6B2	1
NCR3	OR6B2	1
OR6N1	OR6B2	1
DRGX	SERPINA11	1
SCGB2A2	SERPINA11	0.805450948071455
MIR4761	SERPINA11	1
LRRC2-AS1	OR51T1	0.881711776701695
MIR449B	OR51T1	0.881711776701695
OR52E4	OR51T1	0.881711776701695
SERPINA7	OR51T1	0.881711776701695
OR9A4	OR51T1	0.881711776701695
MAGEB4	OR51T1	0.881711776701695
CCR4	KRT75	0.825941652233191
C20orf85	PPP1R2P9	0.705040867361066
MAGEA1	PPP1R2P9	0.705040867361066
SNORD88A	MIR4482-1	1
CDRT15P2	KRT16P1	1
MIR592	KRT16P1	1
KRT16P3	KRT16P1	1
HHEX	KRT16P1	1
CMA1	KRT16P1	0.82233712350312
SNAR-C3	KRT16P1	1
PRKACG	KRT16P1	1
CSH2	OR1B1	0.75319122680086
SPAG11A	OR1B1	0.75319122680086
KRTAP4-4	OR1B1	0.75319122680086
LOC100287534	OR1B1	0.75319122680086
MIR33B	OR1B1	0.75319122680086
OR6N2	OR1B1	0.75319122680086
S100Z	OR1B1	0.702404551061789
CALML3	OR1B1	0.75319122680086
CLEC1B	OR1B1	0.75319122680086
MAGEA2	LOC1720	1
MAGEA12	LOC1720	0.729694175053054
MIR3976	SERPINB2	1
SNORD116-29	SERPINB2	1
MIR1-2	SERPINB2	1
MIR618	SERPINB2	0.708793673526132
KISS1	HOXD9	0.854782005962873
LINC00457	XCL2	0.86170203403714
C1orf200	XCL2	0.86170203403714
LOC286135	XCL2	0.853577558840789
OR2AP1	XCL2	0.735808742542505
MIR4472-2	CD177	0.829590143520329
OR5A2	CD177	0.829590143520329
RAET1L	MMP26	0.750280791331163
MIR150	IGFL1	0.755744579339586
TRPC2	IGFL1	0.755744579339586
DNMT3L	IGFL1	0.755744579339586
RTP2	IGFL1	0.755744579339586
MRGPRX2	KRT39	1
BPIFA4P	KRT39	1
CPSF4L	KRT39	1
LOC732275	KRT39	1
LCE2D	KRT39	0.778081582312753
DLX2	KRT39	1
TRIM10	KRT39	1
OR2T35	KRT39	0.755781166278705
OR6C76	KRT39	1
SLC6A18	KRT39	0.896664202535664
MIR1243	KRTAP7-1	0.733495010675595
LOC340094	KRTAP7-1	0.733495010675595
UGT1A9	KRTAP7-1	0.733495010675595
OR9G1	KRTAP7-1	0.733495010675595
OR9G9	KRTAP7-1	0.733495010675595
LRRC37A5P	PSORS1C3	1
MIR577	BPESC1	0.828351106491499
MIR2681	USP17L11	0.713448089619034
USP17L18	USP17L11	1
CLC	AFM	0.767672096576862
DEFB128	AFM	0.767672096576862
LINC00112	AFM	0.767672096576862
MIR519A1	AFM	0.767672096576862
MIR522	AFM	0.767672096576862
LOC150185	AFM	0.767672096576862
XAGE2B	AFM	0.767672096576862
PAX2	AFM	0.767672096576862
DEFB104A	LCE2A	0.802032186359833
DEFB104B	LCE2A	0.802032186359833
KRTAP10-9	LCE2A	0.764839356968912
KRTAP27-1	LCE2A	0.700184530847213
FGF6	LCE2A	0.948574861705012
PLA2G2E	COL18A1-AS2	0.728146904828727
MIR4427	COL18A1-AS2	0.728146904828727
MIR4472-1	COL18A1-AS2	0.728146904828727
PSORS1C2	COL18A1-AS2	0.728146904828727
GUCY2EP	COL18A1-AS2	0.728146904828727
HOXC9	FGF19	0.767501990436383
FEZF1-AS1	HOXB1	1
GZMB	HOXB1	1
CASP12	HOXB1	1
MIR4777	HOXB1	1
SLAMF1	HOXB1	1
LOC340073	HOXB1	1
KRT27	LCE3D	1
SNORD32B	MIR21	0.722587046485472
BMP15	SNORA37	0.756281238088833
KRT83	SNORA37	0.826992204912897
IL21	SNORA37	0.736651031113964
TLX3	C17orf82	1
MIR32	C17orf82	0.759051164903765
MIR595	OR51L1	0.708108741340613
LINC00460	LOC100128787	0.896020106222368
CYP4B1	FAM24A	0.862909600828683
GAGE7	FAM24A	0.862909600828683
SPRR2D	FAM24A	0.862909600828683
TRIML2	FAM24A	0.862909600828683
FAM26D	FAM24A	0.714113564576103
OR2F1	IL36RN	0.72054684491548
OR13F1	DEFB119	0.744518320325139
FOXI3	SLC22A25	0.857800806605681
OR6C74	SLC22A25	0.857800806605681
OR10G2	SLC22A25	0.857800806605681
LOC643441	SLC22A25	0.857800806605681
BARX1	SLC22A25	0.761242375017205
CCL19	SLC22A25	0.91034979364364
USP17L19	USP17L12	1
USP17L19	USP17L21	1
USP17L12	USP17L21	1
KRTAP6-3	DNAJB3	1
UGT1A3	DNAJB3	1
UGT1A4	DNAJB3	1
LOC100286922	DNAJB3	1
IBSP	DNAJB3	1
UGT1A5	DNAJB3	1
ODAM	CXCR3	0.728964191934327
XPNPEP2	CXCR3	0.859191510722822
LOC100507362	CXCR3	0.786365910766003
FOXI3	LOC440117	0.778817899943061
OR6C74	LOC440117	0.778817899943061
OR10G2	LOC440117	0.778817899943061
LOC643441	LOC440117	0.778817899943061
GPR50	TLX1	0.737971245938154
DUSP21	TLX1	0.737971245938154
OR2V2	TLX1	0.737971245938153
OTOP3	TLX1	0.737971245938154
OTOL1	TLX1	0.737971245938154
OR14J1	TLX1	0.737971245938154
NPS	TECTB	1
FFAR1	TECTB	1
RHOD	AOAH-IT1	0.730960859760755
HORMAD1	LINC00469	1
OR51M1	KRT71	1
APOA5	KRT71	0.843745968512337
HORMAD1	HOXC-AS5	0.732820540340186
LINC00469	HOXC-AS5	0.732820540340186
IL1F10	SNORD70	1
GNGT1	TEX19	0.711640098911837
MIR19B1	KRTAP1-1	0.793714942741709
KRTAP4-7	KRTAP1-1	0.71114728828747
CDRT15P2	MIR3679	0.796600763594161
MIR592	MIR3679	0.796600763594161
KRT16P3	MIR3679	0.796600763594162
HHEX	MIR3679	0.796600763594161
SNAR-C3	MIR3679	0.796600763594161
PRKACG	MIR3679	0.796600763594161
KRT16P1	MIR3679	0.796600763594162
SNORD32B	OR6X1	0.840769122608891
MIR586	TLX1NB	1
OR7C1	TLX1NB	1
MIRLET7A1	DCAF8L1	0.892404226962753
IFNA10	DEFB132	0.914669232944948
MIR569	OR6P1	1
LINC00207	OR6P1	1
FOXN1	OR6P1	0.882589839309754
DEFB121	OR6P1	1
CDRT7	OR6P1	1
KLK11	OR6P1	0.710082480752168
FAM83F	OR6P1	1
P2RY10	OR6P1	0.915026138365296
CD200R1L	OR6P1	0.77179598694567
FGF6	CXorf27	0.780024050541331
LCE2A	CXorf27	0.822470114235994
CRYBA4	OR4N5	0.827358601121755
TPRX1	PRAC	1
TWIST2	PRAC	0.897020220958422
PLA2G2E	CXCR1	0.828204640361703
MIR4427	CXCR1	0.828204640361703
MIR4472-1	CXCR1	0.828204640361703
PSORS1C2	CXCR1	0.828204640361703
GUCY2EP	CXCR1	0.828204640361703
MIR4519	HAND1	0.708956352061796
LEUTX	OR9G4	0.824517406929464
STMND1	OR9G4	1
LHX5	OR9G4	0.905558619043295
MAGEB18	OR9G4	0.872952322580596
SNORD82	TMEM8C	0.818202069258814
RNU6-19	MIR138-1	0.817105249468232
MIR4284	MIR138-1	0.817105249468232
LOC286238	CRYGC	1
MIR433	CRYGC	1
KRTAP19-8	CRYGC	0.802157821520876
MIR1179	CRYGC	1
OR4C6	CRYGC	0.722443031853035
OR11H6	CRYGC	0.779634140788593
LINC00308	CRYGC	0.844975237199156
RNY5	PMCHL1	1
OR6K6	PMCHL1	0.903347530892064
POU4F3	PMCHL1	0.924479565989294
C15orf53	MAS1	1
OR5D13	MAS1	1
SNORD32B	PI3	1
OR2G3	PI3	0.748179175889403
MIR21	PI3	0.722587046485471
OR6X1	PI3	0.840769122608891
MIR130A	MIR3616	1
PTH	SATB2-AS1	0.732872000326778
MIR450A2	FAM153B	0.848432184197809
LOC646862	FAM153B	0.726295078909264
OR6C68	FAM153B	0.848432184197809
MIR450A1	FAM153B	0.848432184197809
C17orf105	PRODH2	0.777794255107492
HOXA11-AS	PRODH2	0.777794255107492
SUN5	MIR1972-1	0.803538577938691
MIR497	MIR1972-1	0.803538577938691
PITX2	MIR1972-1	0.803538577938692
SUN5	MIR1972-2	0.803538577938691
MIR497	MIR1972-2	0.803538577938691
PITX2	MIR1972-2	0.803538577938692
MIR1972-1	MIR1972-2	1
RETNLB	MIR3940	1
OR1F2P	MIR3940	1
WFDC10B	RNASE10	1
KRTAP10-8	RNASE10	1
MS4A12	RNASE10	1
AMTN	SLC25A47	0.776117015983836
TAS2R38	SLC25A47	0.776117015983836
LINC00443	SLC25A47	0.776117015983836
FLJ41350	SLC25A47	0.776117015983837
OR51B4	SLC25A47	0.776117015983837
ATXN3L	SLC25A47	0.776117015983837
GH2	ADCYAP1	1
NEUROG1	ADCYAP1	0.787436131592788
KRTAP19-8	LINC00489	0.741952715721446
MRGPRX2	LCN8	0.722370597375847
BPIFA4P	LCN8	0.722370597375847
CPSF4L	LCN8	0.722370597375847
LOC732275	LCN8	0.722370597375847
DLX2	LCN8	0.722370597375847
TRIM10	LCN8	0.722370597375847
OR6C76	LCN8	0.722370597375847
KRT39	LCN8	0.722370597375847
MIR4640	LELP1	0.810414060756367
C1orf64	LELP1	0.810414060756367
VPREB1	KLRF2	0.820341453139542
FMO9P	KLRF2	0.820341453139542
TAAR8	KLRF2	0.820341453139542
PNLIP	IFNL1	1
MIR4526	APOA4	0.810160533416871
NCR3	APOA4	0.810160533416872
OR6N1	APOA4	0.810160533416872
OR6B2	APOA4	0.810160533416872
DEFB135	OR7G3	1
LRRC3-AS1	OR7G3	1
CIDEA	OR7G3	1
MIR1226	OR7G3	0.770380167241806
LINC00333	OR7G3	1
LOC254099	OR5K4	1
SMIM2-IT1	OR5K4	1
PRM3	OR5K4	0.728796458573372
PDX1	OR5K4	0.721362254400358
C5orf58	AWAT2	0.725442020133247
TNFRSF18	AWAT2	0.725442020133247
SPATA3	AWAT2	0.725442020133247
GLYATL3	AWAT2	0.725442020133246
LOC100130480	AWAT2	0.725442020133247
LOC286238	PRAMEF12	1
MIR433	PRAMEF12	1
KRTAP19-8	PRAMEF12	0.802157821520876
MIR1179	PRAMEF12	1
OR4C6	PRAMEF12	0.722443031853035
OR11H6	PRAMEF12	0.779634140788593
LINC00308	PRAMEF12	0.844975237199156
CRYGC	PRAMEF12	1
NDFIP2-AS1	MIR920	1
MIR4640	OCSTAMP	1
OR3A2	OCSTAMP	0.810908505909092
C1orf64	OCSTAMP	1
LELP1	OCSTAMP	0.810414060756367
IFNA22P	VGLL1	0.802765186080622
MIR499A	VGLL1	0.802765186080622
C2orf53	RNASE13	0.768996888752202
TH	RNASE13	0.744151289376467
UTS2R	RNASE13	0.768996888752202
ITLN2	RNASE13	0.768996888752202
MIR1243	SMPX	0.787082409125904
LOC340094	SMPX	0.787082409125904
UGT1A9	SMPX	0.787082409125904
OR9G1	SMPX	0.787082409125904
OR9G9	SMPX	0.787082409125904
HMX3	LCE3E	1
LEUTX	CCL11	0.824517406929464
STMND1	CCL11	1
LHX5	CCL11	0.905558619043295
MAGEB18	CCL11	0.872952322580596
OR9G4	CCL11	1
SLC17A2	TMPRSS4-AS1	0.855185537153349
LRRC2-AS1	MIR514A2	0.71940979558368
MIR449B	MIR514A2	0.71940979558368
OR52E4	MIR514A2	0.71940979558368
SERPINA7	MIR514A2	0.71940979558368
OR9A4	MIR514A2	0.71940979558368
MAGEB4	MIR514A2	0.71940979558368
LRRC2-AS1	MIR514A3	0.71940979558368
MIR449B	MIR514A3	0.71940979558368
OR52E4	MIR514A3	0.71940979558368
SERPINA7	MIR514A3	0.71940979558368
OR9A4	MIR514A3	0.71940979558368
MAGEB4	MIR514A3	0.71940979558368
MIR514A2	MIR514A3	1
KCNAB1-AS2	PLA2G2F	1
MIR3609	PLA2G2F	1
FOLR4	PLA2G2F	0.77943844411655
C9orf173	PLA2G2F	1
MIR150	LINC00474	0.737584529569269
TRPC2	LINC00474	0.737584529569269
DNMT3L	LINC00474	0.737584529569269
MIR4307	LINC00474	0.999974005582812
RTP2	LINC00474	0.737584529569269
MIR4707	MIR1289-2	0.752995188406307
LRRC3C	MIR1289-2	0.752995188406307
MIR374B	SNORD65	0.777958901742279
TPPP2	SNORD18B	0.766618229588619
C20orf85	IL17C	1
MT1DP	IL17C	0.780013578057586
MAGEA1	IL17C	1
HTR3D	IL17C	0.897855776791141
DEFB129	IL17C	0.901605547858912
PPP1R2P9	IL17C	0.705040867361066
LOC728012	MIR589	0.764119635392895
MIR5091	MIR589	0.764119635392895
CTAG2	MIR4744	0.761755140291541
MIR3169	KRTAP10-11	0.706609106997527
OR10V1	KRTAP10-11	0.706609106997527
VPREB1	KRTAP10-11	0.707014034870602
FMO9P	KRTAP10-11	0.707014034870602
TAAR8	KRTAP10-11	0.707014034870602
MIR3913-2	KRTAP10-11	0.706609106997527
OR2A12	LMX1A	0.962673874016644
HS3ST2	LMX1A	1
PGC	SSTR3	0.747156064922367
HOXC13	SSTR3	0.747156064922367
GH2	MIR4263	1
NEUROG1	MIR4263	0.787436131592788
ADCYAP1	MIR4263	1
C17orf105	FAM170A	0.735336499660241
HOXA11-AS	FAM170A	0.735336499660241
MIR4472-2	MIR16-2	1
OR5A2	MIR16-2	1
CD177	MIR16-2	0.829590143520329
CRH	LINC00446	0.757299124502009
FAM187B	MIR5010	0.753519880201762
MIR548F4	MIR5010	0.753519880201762
POU1F1	MIR5010	0.753519880201762
REG1P	MIR5010	0.744426777458051
VN1R10P	MIR5010	0.753519880201762
LOC100505622	ANKRD63	1
GPHB5	ANKRD63	0.825609305297744
PRSS56	ANKRD63	1
SNORD32B	OR1M1	0.72964226522026
PI3	OR1M1	0.72964226522026
SIX3	LYZL6	1
THEG5	LYZL6	1
MIR891B	RAX	0.737667837470033
PAGE5	RAX	0.737667837470033
GPRC5D	RAX	0.737667837470033
OR52K1	MIR29C	0.948269633457607
KRTAP25-1	TFAP2D	1
WFDC13	TFAP2D	0.883026192130932
LOC388553	MIR181A2	1
SNORA11B	MIR181A2	0.756908820421599
ASCL2	MIR3619	0.80284540485313
BET3L	HMHB1	1
NXF3	HMHB1	0.781597990495249
SLFN12L	FGFBP1	0.725818521677662
LOC285548	FGFBP1	0.725818521677662
C9orf106	SNORD116-4	0.713415004395243
FLI1-AS1	SNORD85	0.712975784176326
GPR33	SNORD85	0.700593273244872
LINC00424	SNORD85	0.700593273244872
MIR181C	SNORD85	0.712975784176326
MIR183	SNORD85	0.712975784176326
MIR3649	SNORD85	0.712975784176326
KRTAP2-2	SNORD85	0.700593273244872
LAIR2	SNORD85	0.712975784176326
PGLYRP2	OR6T1	0.742520383726066
OR6B3	OR6T1	0.73581540287873
MMP13	OR6T1	0.873288174949847
OR8B8	OR6T1	0.704308269529686
KRTAP8-1	LRRC72	0.713823051446604
OR4D11	LINC00161	1
MAGEA2	OR2T1	0.984509166641789
MAGEA12	OR2T1	0.718290446988506
LOC1720	OR2T1	0.984509166641789
SNAR-G1	BPIFB4	1
FGF6	GCSAML-AS1	0.770446397752648
LCE2A	GCSAML-AS1	0.812431168270593
CDRT15P2	BTLA	0.774668157342881
MIR592	BTLA	0.774668157342881
KRT16P3	BTLA	0.774668157342881
HHEX	BTLA	0.774668157342881
SNAR-C3	BTLA	0.774668157342881
PRKACG	BTLA	0.774668157342881
KRT16P1	BTLA	0.774668157342881
SULT1B1	COL4A2-AS1	0.725669802167013
LOC728040	TTR	1
TTTY13	TAAR6	1
TTTY5	TAAR6	1
TTTY8	TAAR6	1
TTTY8B	TAAR6	1
MIR4789	TAAR6	1
SPO11	TAAR6	1
TBL1Y	TAAR6	1
TTTY11	TAAR6	1
TTTY12	TAAR6	0.757237956718103
OR1S1	TAAR6	1
PRSS1	TAAR6	0.896097832078301
OR9I1	TAAR6	0.77747687371481
CSH2	SPRR2E	0.7284515698224
SPAG11A	SPRR2E	0.7284515698224
KRTAP4-4	SPRR2E	0.7284515698224
LOC100287534	SPRR2E	0.7284515698224
MIR33B	SPRR2E	0.7284515698224
OR6N2	SPRR2E	0.7284515698224
CALML3	SPRR2E	0.7284515698224
CLEC1B	SPRR2E	0.7284515698224
PPBP	PCDHB1	1
SLFN12L	RGL3	0.878972720914374
LOC285548	RGL3	0.878972720914374
MIR891B	LOC100507391	1
PAGE5	LOC100507391	1
GPRC5D	LOC100507391	1
VN1R4	LOC100507391	0.835539712623932
PRAMEF21	LOC100507391	0.780921539441406
RAX	LOC100507391	0.737667837470033
NEUROG3	NOX3	0.98679322346819
LCE1A	C7orf45	0.734846415686708
PPBP	FOXD2	0.82274571274301
PCDHB1	FOXD2	0.822745712743009
KRTAP1-4	SEMG1	0.743226616031709
OR1A2	SEMG1	0.743226616031709
WFDC10B	GIMAP7	0.906154473990348
KRTAP10-8	GIMAP7	0.906154473990348
MS4A12	GIMAP7	0.906154473990348
RNASE10	GIMAP7	0.906154473990348
FGA	OR8B12	1
FOXQ1	OR8B12	0.91020055032153
BMP15	TAAR9	0.720937682130227
KRT83	TAAR9	0.788425944688047
IL21	TAAR9	0.702213674308903
MIR16-1	BMP10	0.801549488718728
P2RX2	BMP10	0.801549488718727
PRG3	BMP10	0.801549488718728
OR8D2	BMP10	0.801549488718728
PNLIPRP3	BMP10	0.801549488718728
C9orf92	BMP10	0.801549488718728
PGC	CCDC54	0.772230558168438
HOXC13	CCDC54	0.772230558168438
TTTY13	VNN3	0.800786296429655
TTTY5	VNN3	0.800786296429655
TTTY8	VNN3	0.800786296429655
TTTY8B	VNN3	0.800786296429655
MIR4789	VNN3	0.800786296429655
SPO11	VNN3	0.800786296429655
TBL1Y	VNN3	0.800786296429655
TTTY11	VNN3	0.800786296429655
OR1S1	VNN3	0.800786296429655
PRSS1	VNN3	0.717210073838805
TAAR6	VNN3	0.800786296429655
RNASE9	TTTY9A	0.779753457497677
OR2F1	TTTY9A	0.837035812708802
RNASE9	TTTY9B	0.779753457497677
OR2F1	TTTY9B	0.837035812708802
TTTY9A	TTTY9B	1
IFNA14	AADAC	0.772798665439074
CSN3	AADAC	0.772798665439074
IFITM5	CDX2	0.784298983064903
SP6	CDX2	0.773595512893456
LEUTX	RGS13	0.824517406929464
STMND1	RGS13	1
LHX5	RGS13	0.905558619043295
MAGEB18	RGS13	0.872952322580596
OR9G4	RGS13	1
CCL11	RGS13	1
DEFB104A	LOC340107	0.802032186359833
DEFB104B	LOC340107	0.802032186359833
KRTAP10-9	LOC340107	0.764839356968912
KRTAP27-1	LOC340107	0.700184530847214
FGF6	LOC340107	0.948574861705012
LCE2A	LOC340107	1
CXorf27	LOC340107	0.822470114235994
GCSAML-AS1	LOC340107	0.812431168270593
CLC	SLC17A3	0.734682616940916
DEFB128	SLC17A3	0.734682616940916
LINC00112	SLC17A3	0.734682616940916
MIR519A1	SLC17A3	0.734682616940916
MIR522	SLC17A3	0.734682616940916
LOC150185	SLC17A3	0.734682616940916
XAGE2B	SLC17A3	0.734682616940916
PAX2	SLC17A3	0.734682616940916
GPR33	GCNT3	1
LINC00424	GCNT3	1
KRTAP2-2	GCNT3	1
LY86	GCNT3	0.817518461462931
SNORD85	GCNT3	0.700593273244872
TTTY13	LOC100131047	0.797389741998719
TTTY5	LOC100131047	0.797389741998719
TTTY8	LOC100131047	0.797389741998719
TTTY8B	LOC100131047	0.797389741998719
MIR4789	LOC100131047	0.797389741998719
SPO11	LOC100131047	0.797389741998719
TBL1Y	LOC100131047	0.797389741998719
TTTY11	LOC100131047	0.797389741998719
OR1S1	LOC100131047	0.797389741998719
PRSS1	LOC100131047	0.714243797251619
TAAR6	LOC100131047	0.797389741998719
MIR16-1	HYALP1	0.89199099647416
P2RX2	HYALP1	0.89199099647416
PRG3	HYALP1	0.89199099647416
OR8D2	HYALP1	0.89199099647416
PNLIPRP3	HYALP1	0.89199099647416
C9orf92	HYALP1	0.89199099647416
BMP10	HYALP1	0.71474911643731
OR52M1	CARTPT	0.837745250579297
GNGT1	CARTPT	0.938012799253387
COLEC10	CARTPT	0.773764614398464
KRT34	CARTPT	0.83476244636468
KRTAP2-4	CD3E	0.827516542942678
APOC3	CD3E	0.827516542942678
SLC2A7	C10orf40	0.789852782604758
GPR50	WFDC12	0.758495217006953
DUSP21	WFDC12	0.758495217006953
OR2V2	WFDC12	0.758495217006953
OTOP3	WFDC12	0.758495217006953
OTOL1	WFDC12	0.758495217006953
OR14J1	WFDC12	0.758495217006953
SCGB2A1	KNCN	1
CETN1	KNCN	0.724541413315171
ESM1	MAGEB3	0.803053858086686
LOC728040	ZAR1L	0.745702798058449
TTR	ZAR1L	0.745702798058449
LOC154872	LRIT1	0.843513478489032
CLEC4F	LRIT1	0.843513478489032
BMP15	LOC284788	0.81072359230381
KRT83	LOC284788	0.886473192412599
IL21	LOC284788	0.789687323005449
SNORA37	LOC284788	0.732889059019117
C5orf58	SEMG2	0.952984272256525
TNFRSF18	SEMG2	0.952984272256525
SPATA3	SEMG2	0.952984272256525
GLYATL3	SEMG2	0.952984272256525
LOC100130480	SEMG2	0.952984272256525
FDCSP	SEMG2	0.733904469208728
ACSM2B	SEMG2	0.853801374441109
CGB7	HBE1	0.759700261253389
WNT1	BLK	0.708117320941138
SNORD37	ARX	0.784434431517499
GSTA5	ARX	0.7844344315175
BET3L	TGM6	0.773882835270518
HMHB1	TGM6	0.773882835270518
MIR4526	LINC00347	0.905510800447048
NCR3	LINC00347	0.905510800447048
OR6N1	LINC00347	0.905510800447048
OR6B2	LINC00347	0.905510800447048
APOA4	LINC00347	0.733401308847829
OR2C3	HOXB13	0.90629654667621
MIR103A2	LILRA2	1
MRGPRX2	SLC6A19	0.785601422699148
BPIFA4P	SLC6A19	0.785601422699148
CPSF4L	SLC6A19	0.785601422699149
LOC732275	SLC6A19	0.785601422699149
DLX2	SLC6A19	0.785601422699149
TRIM10	SLC6A19	0.785601422699149
OR6C76	SLC6A19	0.785601422699148
SLC6A18	SLC6A19	0.704191834384613
KRT39	SLC6A19	0.785601422699149
MIR16-1	CYP4F8	1
P2RX2	CYP4F8	1
PRG3	CYP4F8	1
OR8D2	CYP4F8	1
BTNL3	CYP4F8	0.782977115024404
PNLIPRP3	CYP4F8	1
C9orf92	CYP4F8	1
TEX36	CYP4F8	0.701642994557309
BMP10	CYP4F8	0.801549488718727
HYALP1	CYP4F8	0.89199099647416
HMX3	CXXC1P1	0.742026897777895
LCE3E	CXXC1P1	0.742026897777895
OR8A1	SP8	0.704286585523693
MIR450A2	OR4C16	1
LOC646862	OR4C16	0.856312933258913
OR6C68	OR4C16	1
MIR450A1	OR4C16	1
FAM153B	OR4C16	0.848432184197809
OR51M1	MYOC	0.792301558054188
KRT71	MYOC	0.792301558054188
MIR4526	ART1	0.861405944609462
NCR3	ART1	0.861405944609462
OR6N1	ART1	0.861405944609462
OR6B2	ART1	0.861405944609462
LINC00347	ART1	0.779832335432302
MIR4474	KRTAP4-5	0.765496166290628
AMTN	LINC00442	0.911973742960641
TAS2R38	LINC00442	0.911973742960641
LINC00443	LINC00442	0.911973742960641
FLJ41350	LINC00442	0.911973742960641
OR2B11	LINC00442	0.756658617738875
OR51B4	LINC00442	0.911973742960641
ATXN3L	LINC00442	0.911973742960641
SERPINA12	LINC00442	0.774544120576703
SLC17A2	LINC00442	0.729811844594875
SLC25A47	LINC00442	0.707582217901712
MIR4526	OR8B2	1
NCR3	OR8B2	1
OR6N1	OR8B2	1
OR6B2	OR8B2	1
APOA4	OR8B2	0.810160533416871
LINC00347	OR8B2	0.905510800447048
ART1	OR8B2	0.861405944609462
BMP15	LMAN1L	0.914725703427946
KRT83	LMAN1L	1
IL21	LMAN1L	0.891017169954578
SNORA37	LMAN1L	0.826992204912897
TAAR9	LMAN1L	0.788425944688047
LOC284788	LMAN1L	0.886473192412599
SUN5	KRT28	0.724716104312363
MIR497	KRT28	0.724716104312363
PITX2	KRT28	0.724716104312362
KRT83	S100A7L2	0.705959376670266
LMAN1L	S100A7L2	0.705959376670266
MIR3607	TAAR2	1
CDRT15P2	KRT16P2	0.744203190604568
MIR592	KRT16P2	0.744203190604568
KRT16P3	KRT16P2	0.744203190604568
HHEX	KRT16P2	0.744203190604568
SNAR-C3	KRT16P2	0.744203190604568
PRKACG	KRT16P2	0.744203190604568
KRT16P1	KRT16P2	0.744203190604568
NMRK2	ERG	0.726674571602813
DEFB135	SNORD116-16	0.951100075304628
LRRC3-AS1	SNORD116-16	0.951100075304628
CIDEA	SNORD116-16	0.951100075304628
MIR1226	SNORD116-16	0.732544107885637
LINC00333	SNORD116-16	0.951100075304628
OR7G3	SNORD116-16	0.951100075304628
PRLHR	TACSTD2	0.719789227157504
FGF6	LUZP4	0.718752195648393
LCE2A	LUZP4	0.757957199212442
LOC340107	LUZP4	0.757957199212442
PLA2G2E	OR6C1	1
MIR4427	OR6C1	1
MIR4472-1	OR6C1	1
C9orf53	OR6C1	0.807205923437722
OR4D5	OR6C1	0.769996256606411
SDC4P	OR6C1	0.740799855211679
PSORS1C2	OR6C1	1
CCDC155	OR6C1	0.773233221204432
GUCY2EP	OR6C1	1
COL18A1-AS2	OR6C1	0.728146904828727
CXCR1	OR6C1	0.828204640361703
MMP13	POTEA	0.804096476861828
OR6T1	POTEA	0.921013364536556
POM121L12	MIR1279	1
LRRC2-AS1	OR4B1	0.827501698979413
MIR449B	OR4B1	0.827501698979413
OR52E4	OR4B1	0.827501698979413
SERPINA7	OR4B1	0.827501698979413
OR9A4	OR4B1	0.827501698979413
MAGEB4	OR4B1	0.827501698979413
OR51T1	OR4B1	0.729396696773686
RHOD	GMFG	0.907327072640754
SNORD72	GMFG	0.743687515258226
KRTAP2-4	AFP	0.845516482407823
GAGE2C	AFP	0.955053758373237
APOC3	AFP	0.845516482407823
FLI1-AS1	CLDN23	0.880310242240498
MIR181C	CLDN23	0.880310242240498
MIR183	CLDN23	0.880310242240498
MIR3649	CLDN23	0.880310242240498
LAIR2	CLDN23	0.880310242240498
FAM9B	LINC00661	0.811728233524932
OR10W1	LINC00661	0.742323560999533
CD300LF	LINC00661	0.811728233524931
LINC00229	LINC00661	0.811728233524932
UGT1A1	KLK15	0.728658248744093
MIR335	KLK15	0.728658248744094
PRAMEF13	KLK15	0.728658248744093
MIR384	KLK15	0.728658248744094
MIR636	NLRP6	0.789980610738814
TPPP2	LCP2	1
SNORD18B	LCP2	0.766618229588619
SUPT20HL2	FAM71B	0.810581034312426
AMTN	OR3A4P	1
TAS2R38	OR3A4P	1
LINC00443	OR3A4P	1
FLJ41350	OR3A4P	1
OR2B11	OR3A4P	0.829903092713194
OR51B4	OR3A4P	1
KRTAP10-6	OR3A4P	0.764350178479655
MFSD6L	OR3A4P	0.762529484240728
DSCR4	OR3A4P	0.705271773718751
ATXN3L	OR3A4P	1
SERPINA12	OR3A4P	0.849503557944365
SLC17A2	OR3A4P	0.800480571749135
SLC25A47	OR3A4P	0.776117015983837
LINC00442	OR3A4P	0.911973742960641
MIR4480	LINC00571	0.774580138420839
FGA	SIGLEC12	0.901163088505911
FOXQ1	SIGLEC12	0.820089152839935
OR8B12	SIGLEC12	0.901163088505911
FBXO47	KIRREL3-AS3	1
DNAJB8	CYP7A1	1
TTTY13	MS4A8B	0.781677841528031
TTTY5	MS4A8B	0.781677841528031
TTTY8	MS4A8B	0.781677841528031
TTTY8B	MS4A8B	0.781677841528031
MIR4789	MS4A8B	0.781677841528031
SPO11	MS4A8B	0.781677841528031
TBL1Y	MS4A8B	0.781677841528031
TTTY11	MS4A8B	0.781677841528031
OR1S1	MS4A8B	0.781677841528031
PRSS1	MS4A8B	0.700145453369238
TAAR6	MS4A8B	0.781677841528031
MIR4746	CLRN1-AS1	0.719288789623222
KRTAP5-4	CXCL11	0.754105514747973
CXCL11	OR4X1	0.789319638545181
LINC00457	FGG	0.704767341156406
C1orf200	FGG	0.704767341156406
DEFB104A	EN2	0.802032186359833
DEFB104B	EN2	0.802032186359833
KRTAP10-9	EN2	0.764839356968912
KRTAP27-1	EN2	0.700184530847213
FGF6	EN2	0.948574861705012
LCE2A	EN2	1
CXorf27	EN2	0.822470114235994
GCSAML-AS1	EN2	0.812431168270592
LOC340107	EN2	1
LUZP4	EN2	0.757957199212442
SCGB2A1	KLHL33	0.929609723345806
KNCN	KLHL33	0.929609723345806
MIR4526	GCSAM	0.729810162769312
NCR3	GCSAM	0.729810162769312
OR6N1	GCSAM	0.729810162769312
OR6B2	GCSAM	0.729810162769312
OR8B2	GCSAM	0.729810162769312
SUN5	ANO9	0.772640669005576
MIR497	ANO9	0.772640669005576
PITX2	ANO9	0.772640669005576
KRTAP6-3	LINC00290	1
UGT1A3	LINC00290	1
UGT1A4	LINC00290	1
LOC100286922	LINC00290	1
IBSP	LINC00290	1
UGT1A5	LINC00290	1
DNAJB3	LINC00290	1
KRTAP8-1	OR5D14	1
MIR4256	OR5D14	0.761789519596264
TMCO5B	OR5D14	0.841160008366477
LRRC72	OR5D14	0.713823051446604
MIR19B1	KRTAP4-1	0.890741067520756
KRTAP4-7	KRTAP4-1	0.798164626214148
KRTAP1-1	KRTAP4-1	0.706763522544529
FOXI3	OR1J4	0.705701357040972
OR6C74	OR1J4	0.705701357040972
OR10G2	OR1J4	0.705701357040972
LOC643441	OR1J4	0.705701357040972
MAFA	LHX1	0.821366209652738
LOC254099	PRSS45	0.870741447464284
SMIM2-IT1	PRSS45	0.870741447464284
OR5K4	PRSS45	0.870741447464284
LINC00028	FLJ20518	0.719066734708899
AWAT1	FLJ20518	0.846320026652585
TTTY13	OR51F2	0.836833702617392
TTTY5	OR51F2	0.836833702617392
TTTY8	OR51F2	0.836833702617392
TTTY8B	OR51F2	0.836833702617392
MIR4789	OR51F2	0.836833702617392
SPO11	OR51F2	0.836833702617392
TBL1Y	OR51F2	0.836833702617392
TTTY11	OR51F2	0.836833702617392
OR1S1	OR51F2	0.836833702617392
PRSS1	OR51F2	0.749681865493349
TAAR6	OR51F2	0.836833702617392
KRTAP10-1	LCN12	1
PIWIL1	LCN12	0.99009496592017
MIR3653	OR2B3	0.861905103382079
LINC00658	OR2B3	0.723305004311071
OR10R2	OR2B3	0.732287895578153
CD300LB	OR2B3	0.775930778858494
C20orf141	OR10T2	1
DEFB110	LOC100132354	0.707678325129289
GIMD1	LOC100132354	0.707678325129289
SNORD36C	LOC100132354	0.707678325129289
SIGLEC6	LOC100132354	0.707678325129289
MYF6	LOC100132354	0.707678325129288
SCXA	LOC100132354	0.707678325129289
SCXB	LOC100132354	0.707678325129289
GKN2	LOC100132354	0.707678325129289
NPS	GLYCAM1	0.770732496721609
FFAR1	GLYCAM1	0.770732496721609
TECTB	GLYCAM1	0.770732496721609
NPS	PLA2G1B	0.779920696419582
FFAR1	PLA2G1B	0.779920696419582
TECTB	PLA2G1B	0.779920696419582
MIR3121	INSL4	0.733969733717813
HBBP1	INSL4	0.733969733717813
SAA4	INSL4	0.733969733717813
MRGPRX2	VCX2	0.851642217069226
BPIFA4P	VCX2	0.851642217069226
CPSF4L	VCX2	0.851642217069226
LOC732275	VCX2	0.851642217069226
DLX2	VCX2	0.851642217069226
TRIM10	VCX2	0.851642217069226
OR6C76	VCX2	0.851642217069226
SLC6A18	VCX2	0.763443241927065
KRT39	VCX2	0.851642217069226
KRT33A	OR52N5	0.831561229823234
HBM	PTGER1	0.752798736521206
MIR150	ELSPBP1	0.706145784276004
TRPC2	ELSPBP1	0.706145784276004
DNMT3L	ELSPBP1	0.706145784276004
RTP2	ELSPBP1	0.706145784276004
CXorf66	LY6G6F	0.807826763188372
LINC00457	OR4K15	0.706323349586399
C1orf200	OR4K15	0.706323349586399
USP17L19	HPGDS	0.78355529455996
USP17L12	HPGDS	0.78355529455996
USP17L21	HPGDS	0.78355529455996
CSH2	NKX2-1	0.779449958937357
SPAG11A	NKX2-1	0.779449958937357
KRTAP4-4	NKX2-1	0.779449958937357
LOC100287534	NKX2-1	0.779449958937357
MIR33B	NKX2-1	0.779449958937357
OR6N2	NKX2-1	0.779449958937357
S100Z	NKX2-1	0.72683185682464
CALML3	NKX2-1	0.779449958937357
CLEC1B	NKX2-1	0.779449958937357
FCER2	SERPINB7	0.720180306575675
C20orf85	OR52A5	0.702596082018581
MAGEA1	OR52A5	0.702596082018581
IL17C	OR52A5	0.702596082018581
PPBP	SPRR1B	0.812025210681704
PCDHB1	SPRR1B	0.812025210681704
CSH2	SPINK8	0.762481818202458
SPAG11A	SPINK8	0.762481818202458
KRTAP4-4	SPINK8	0.762481818202458
LOC100287534	SPINK8	0.762481818202458
MIR33B	SPINK8	0.762481818202458
OR6N2	SPINK8	0.762481818202458
S100Z	SPINK8	0.711003282797745
CALML3	SPINK8	0.762481818202458
LIPM	SPINK8	0.768663935790378
CLEC1B	SPINK8	0.762481818202458
IFNA8	CRYBB1	1
LCN1	INMT-FAM188B	1
GNG8	OR4D1	0.832824903371353
ST8SIA6-AS1	SPRR2A	0.912856473736997
LOC100133461	SPRR2A	0.912856473736997
SPANXN1	SPRR2A	0.912856473736997
IFNA7	SPRR2A	0.899065735075258
MIR4526	OR8B3	0.717817733445609
NCR3	OR8B3	0.717817733445609
OR6N1	OR8B3	0.717817733445609
OR6B2	OR8B3	0.717817733445609
OR8B2	OR8B3	0.717817733445609
GNGT1	NAA11	0.701878708939407
PGC	OR10J5	0.794855853295087
HOXC13	OR10J5	0.794855853295087
DEFB110	MYH2	0.781200286023693
GIMD1	MYH2	0.781200286023693
SNORD36C	MYH2	0.781200286023693
SIGLEC6	MYH2	0.781200286023693
MYF6	MYH2	0.781200286023693
SCXA	MYH2	0.781200286023693
SCXB	MYH2	0.781200286023693
GKN2	MYH2	0.781200286023693
C2orf53	KLK2	0.769118820337468
TH	KLK2	0.74426933357608
UTS2R	KLK2	0.769118820337468
ITLN2	KLK2	0.769118820337468
MIR943	SPINT3	0.733072750886444
OR8J3	SPINT3	0.733072750886444
XAGE2	SPINT3	0.733072750886444
PGC	KRT35	0.785312571130939
HOXC13	KRT35	0.785312571130939
CLC	MAGEB6	1
DEFB128	MAGEB6	1
LINC00112	MAGEB6	1
MIR519A1	MAGEB6	1
MIR522	MAGEB6	1
LOC150185	MAGEB6	1
XAGE2B	MAGEB6	1
PAX2	MAGEB6	1
C10orf120	MAGEB6	0.911317472580958
FEZF1	MAGEB6	0.882738755411054
CCL15	MAGEB6	0.732095472731343
KRTAP19-4	MAGEB6	0.70255974085433
AFM	MAGEB6	0.767672096576862
SLC17A3	MAGEB6	0.734682616940916
RNASE9	ALDH3B2	0.845349426992789
OR2F1	ALDH3B2	0.907338758239625
TTTY9A	ALDH3B2	0.759227485130879
TTTY9B	ALDH3B2	0.759227485130879
C5orf58	GATA5	0.760446442004821
TNFRSF18	GATA5	0.760446442004821
SPATA3	GATA5	0.760446442004821
GLYATL3	GATA5	0.760446442004821
LOC100130480	GATA5	0.760446442004821
SEMG2	GATA5	0.724529103775489
LINC00563	KRT3	0.771123731296891
LOC100287704	KRT3	0.771123731296892
CDA	KRT3	0.771123731296891
C19orf59	KRT3	0.737450305231364
MIR1243	HSD52	0.714557508747716
LOC340094	HSD52	0.714557508747716
UGT1A9	HSD52	0.714557508747716
OR9G1	HSD52	0.714557508747716
OR9G9	HSD52	0.714557508747716
FLJ46300	CEACAM18	0.714114726647711
WBSCR28	CEACAM18	0.714114726647711
TNP2	AGR2	0.746631574122487
HOXA10-HOXA9	AGR2	0.746631574122487
KRTAP19-1	AGR2	0.746631574122487
KRTAP4-11	LRRC15	0.933040069673255
KRTAP4-8	LRRC15	0.933040069673255
HES3	LRRC15	0.933040069673255
HIST1H2APS1	LRRC15	0.933040069673255
IFITM5	CACTIN-AS1	0.774007895136862
SP6	CACTIN-AS1	0.763422800953432
CDX2	CACTIN-AS1	0.987020524304296
DEFB135	SAG	0.819125402853615
LRRC3-AS1	SAG	0.819125402853615
CIDEA	SAG	0.819125402853615
LINC00333	SAG	0.819125402853615
OR7G3	SAG	0.819125402853615
SNORD116-16	SAG	0.778922212533844
MIR1243	LINC00305	1
LOC340094	LINC00305	1
KRTAP27-1	LINC00305	0.713377209743424
UGT1A9	LINC00305	1
OR9G1	LINC00305	1
OR9G9	LINC00305	1
KRTAP7-1	LINC00305	0.733495010675595
SMPX	LINC00305	0.787082409125904
HSD52	LINC00305	0.714557508747716
TMEM174	ANXA8	1
SUN5	OTP	0.810397939168459
MIR497	OTP	0.810397939168459
PITX2	OTP	0.810397939168459
C2orf53	MOXD2P	0.903102839700385
TH	MOXD2P	0.873991898445823
UTS2R	MOXD2P	0.903102839700385
ITLN2	MOXD2P	0.903102839700385
PRSS58	MOXD2P	0.774222544674138
GRXCR1	MOXD2P	0.805300239447279
LRRC2-AS1	LOC100093698	1
MIR449B	LOC100093698	1
OR52E4	LOC100093698	1
SERPINA7	LOC100093698	1
OR10S1	LOC100093698	0.743938531675554
OR9A4	LOC100093698	1
MAGEB4	LOC100093698	1
OR51T1	LOC100093698	0.881711776701695
MIR514A2	LOC100093698	0.71940979558368
MIR514A3	LOC100093698	0.71940979558368
OR4B1	LOC100093698	0.827501698979413
SUN5	MYOZ2	0.775944265066559
MIR497	MYOZ2	0.775944265066559
PITX2	MYOZ2	0.775944265066559
ST8SIA6-AS1	OR13C8	0.713581021266173
LOC100133461	OR13C8	0.713581021266173
SPANXN1	OR13C8	0.713581021266173
IFNA7	OR13C8	0.70270459013082
LOC100505622	LOC728739	1
GPHB5	LOC728739	0.825609305297744
PRSS56	LOC728739	1
ANKRD63	LOC728739	1
MIR1243	GUCA2B	0.791314433694388
LOC340094	GUCA2B	0.791314433694388
UGT1A9	GUCA2B	0.791314433694388
OR9G1	GUCA2B	0.791314433694388
OR9G9	GUCA2B	0.791314433694388
LINC00305	GUCA2B	0.791314433694388
TAS2R60	CLPSL1	0.797484239059215
FOXE3	PTGDR	0.701794363777881
FEZF1-AS1	SPATA31E1	0.76369942697999
GZMB	SPATA31E1	0.76369942697999
CASP12	SPATA31E1	0.76369942697999
MIR4777	SPATA31E1	0.76369942697999
SLAMF1	SPATA31E1	0.76369942697999
LOC340073	SPATA31E1	0.76369942697999
HOXB1	SPATA31E1	0.76369942697999
PRM1	KRT40	0.720820660963404
TTTY13	LIPN	0.769306238668726
TTTY5	LIPN	0.769306238668726
TTTY8	LIPN	0.769306238668726
TTTY8B	LIPN	0.769306238668726
MIR4789	LIPN	0.769306238668726
SPO11	LIPN	0.769306238668726
TBL1Y	LIPN	0.769306238668726
TTTY11	LIPN	0.769306238668726
OR1S1	LIPN	0.769306238668726
TAAR6	LIPN	0.769306238668726
MIR4999	ACTBL2	0.910049075311953
RETNLB	SAMD12-AS1	1
OR1F2P	SAMD12-AS1	1
MIR3940	SAMD12-AS1	1
LYZL4	OR5W2	0.876846034703078
HOXA9	OR5W2	0.876846034703078
PRDM9	OR5W2	0.793928802226328
IFNA22P	OR5D16	1
MIR499A	OR5D16	1
VGLL1	OR5D16	0.802765186080622
HMX3	SNORA5B	0.723883304376795
LCE3E	SNORA5B	0.723883304376795
FOXI3	FAM170B	0.806911912367672
OR6C74	FAM170B	0.806911912367672
OR10G2	FAM170B	0.806911912367672
LOC643441	FAM170B	0.806911912367672
BARX1	FAM170B	0.716032664870772
ANO9	FAM170B	0.896545349365348
MIR192	LOC100131726	1
SLC17A2	S100A7	0.85073653757396
TMPRSS4-AS1	S100A7	0.731161295326324
CLNK	KLRG2	0.773137709188093
MIR3202-1	LINC00462	0.778768977983619
DEFB118	LINC00462	0.778768977983619
VAV3-AS1	LINC00462	0.778768977983619
PGLYRP2	LPAR3	0.742520383726066
OR6B3	LPAR3	0.73581540287873
MMP13	LPAR3	0.873288174949847
OR8B8	LPAR3	0.704308269529686
OR6T1	LPAR3	1
POTEA	LPAR3	0.921013364536556
RNASE9	ARMS2	0.737787334886661
OR2F1	ARMS2	0.79196843467052
ALDH3B2	ARMS2	0.718369219623092
ST8SIA6-AS1	KLKP1	1
LOC100133461	KLKP1	1
SPANXN1	KLKP1	1
IFNA7	KLKP1	0.984957328924244
LY6G6E	KLKP1	0.705475063899819
SPRR2A	KLKP1	0.912856473736997
OR13C8	KLKP1	0.713581021266173
MIR891B	OR5K3	0.780324087512441
PAGE5	OR5K3	0.780324087512441
GPRC5D	OR5K3	0.780324087512441
LOC100507391	OR5K3	0.780324087512441
PPBP	LOC283332	0.757747640602603
PCDHB1	LOC283332	0.757747640602603
LINC00162	LOC100144597	0.845887299917508
LOC339822	LOC100144597	0.759513050460726
OR4C45	UBE2MP1	0.791996151163315
MIR3202-1	TMEM244	0.797372810919508
DEFB118	TMEM244	0.797372810919508
OR51G1	TMEM244	0.705511627601064
VAV3-AS1	TMEM244	0.797372810919508
MIR16-1	LOC285084	0.93181082865221
P2RX2	LOC285084	0.93181082865221
PRG3	LOC285084	0.93181082865221
OR8D2	LOC285084	0.93181082865221
BTNL3	LOC285084	0.729397941417884
PNLIPRP3	LOC285084	0.93181082865221
C9orf92	LOC285084	0.93181082865221
BMP10	LOC285084	0.746711194432828
HYALP1	LOC285084	0.831029801798809
CYP4F8	LOC285084	0.93181082865221
TIFAB	OR2M1P	1
MIR4318	MIR1291	1
HBA2	MIR1291	1
MIR891B	KLK3	0.790728404787279
PAGE5	KLK3	0.790728404787279
GPRC5D	KLK3	0.790728404787279
LOC100507391	KLK3	0.790728404787279
FLJ46300	DGAT2L6	1
WBSCR28	DGAT2L6	1
CEACAM18	DGAT2L6	0.714114726647711
MIR3121	HPSE2	0.720461793192495
HBBP1	HPSE2	0.720461793192495
SAA4	HPSE2	0.720461793192495
MIR612	ARHGEF3-AS1	1
PRAMEF18	TGIF2LX	0.713539190619733
PRAMEF19	TGIF2LX	0.713539190619733
MIR3121	CYP4F22	0.711891120226392
HBBP1	CYP4F22	0.711891120226392
SAA4	CYP4F22	0.711891120226392
MIR3121	HAO1	0.743672256741726
HBBP1	HAO1	0.743672256741726
SAA4	HAO1	0.743672256741726
CEACAM16	MIR198	1
MRGPRX2	FCN1	1
BPIFA4P	FCN1	1
CPSF4L	FCN1	1
LOC732275	FCN1	1
LCE2D	FCN1	0.778081582312753
DLX2	FCN1	1
TRIM10	FCN1	1
OR2T35	FCN1	0.755781166278704
OR6C76	FCN1	1
SLC6A18	FCN1	0.896664202535664
KRT39	FCN1	1
LCN8	FCN1	0.722370597375847
SLC6A19	FCN1	0.785601422699149
VCX2	FCN1	0.851642217069226
KRTAP6-3	KRTAP12-3	1
UGT1A3	KRTAP12-3	1
UGT1A4	KRTAP12-3	1
LOC100286922	KRTAP12-3	1
IBSP	KRTAP12-3	1
UGT1A5	KRTAP12-3	1
DNAJB3	KRTAP12-3	1
LINC00290	KRTAP12-3	1
KRTAP10-1	TMPRSS11E	0.830376271274541
PIWIL1	TMPRSS11E	0.822086010194408
LCN12	TMPRSS11E	0.830376271274541
MIR3976	CPA6	0.782687101290545
SNORD116-29	CPA6	0.782687101290545
MIR1-2	CPA6	0.782687101290545
SERPINB2	CPA6	0.782687101290545
CLC	MIR3935	1
DEFB128	MIR3935	1
LINC00112	MIR3935	1
MIR519A1	MIR3935	1
MIR522	MIR3935	1
LOC150185	MIR3935	1
XAGE2B	MIR3935	1
PAX2	MIR3935	1
C10orf120	MIR3935	0.911317472580958
FEZF1	MIR3935	0.882738755411054
CCL15	MIR3935	0.732095472731343
KRTAP19-4	MIR3935	0.70255974085433
AFM	MIR3935	0.767672096576862
SLC17A3	MIR3935	0.734682616940916
MAGEB6	MIR3935	1
KRTAP6-3	GSTTP1	0.795544923218459
UGT1A3	GSTTP1	0.795544923218459
UGT1A4	GSTTP1	0.795544923218459
LOC100286922	GSTTP1	0.795544923218459
IBSP	GSTTP1	0.795544923218459
UGT1A5	GSTTP1	0.795544923218459
DNAJB3	GSTTP1	0.795544923218458
LINC00290	GSTTP1	0.795544923218459
KRTAP12-3	GSTTP1	0.795544923218458
LOC154872	LHX8	1
CLEC4F	LHX8	1
LRIT1	LHX8	0.843513478489032
LOC286238	AADACL2	0.708490495736476
MIR433	AADACL2	0.708490495736476
MIR1179	AADACL2	0.708490495736476
CRYGC	AADACL2	0.708490495736476
PRAMEF12	AADACL2	0.708490495736476
MIR4762	LINC00595	1
GTSF1L	LINC00595	1
HS3ST4	OR5L1	1
C20orf141	CLCNKB	0.947959301744643
OR10T2	CLCNKB	0.947959301744643
TCF24	CYP4A22	0.726444085271326
OR2F1	OR4L1	0.746613315985722
TTTY9A	OR4L1	0.965658260935716
TTTY9B	OR4L1	0.965658260935716
FAM154A	MIR545	0.965849885327183
LOC442497	ASPG	0.779833925433849
